date,Gac 1,Gac 2,Gac 3,Gac 4,Gac 5,Gac 6,Gac 7,Gac 8,Gac 9,Gac 10,Gac 11,Gac 12,Gac 13,Gac 14,Gac 15,Core3,Inflation
1980-01-01,0.009716096826053,-0.0078999996185302,-0.0639000013470649,-0.0483000017702579,-0.0397000014781951,0.0094535705621528,0.0571000017225742,0.063400000333786,0.0446787884518977,0.084094362269014,0.0644142323939386,0.0644534037345223,0.0510650016367435,0.0444919988512992,0.0433,0.0610300004482269,0.0143539998680353
1980-02-01,0.0118887236512694,-0.0467000007629394,-0.0776000022888183,-0.0693999975919723,-0.0584000013768672,-0.0543714582901088,0.006800000090152,9.99999974737875e-05,-0.0364134420189569,-0.0029859843293177,-0.0392400241506468,-0.0099515893396565,0.013663999736309,-0.026325000450015,0.11589,0.0030700000934302,0.0137219997122883
1980-03-01,0.0122698295871876,0.0087999999523162,0.0013999999500811,-0.0082000000402331,-0.0083999997004866,-0.061880284391181,-0.10530000180006,-0.0917999967932701,-0.126482155619529,-0.152787010631136,-0.165336041579851,-0.168614447861656,-0.141443997621536,-0.059893999248743,-0.0498,-0.0986599996685981,0.0143820000812411
1980-04-01,0.0088985559216985,0.0879999995231628,0.142299994826316,0.128900006413459,0.15430000424385,0.0939280923506647,0.0577000007033348,0.0292000006884336,0.0816714385903527,0.060414842916104,0.0788569479919262,0.056592655571163,0.103127002716064,0.0844089984893798,-0.01768,0.0429299995303154,0.0112589998170733
1980-05-01,0.0070323963875946,0.0395999997854232,0.0460000000894069,0.0577999986708164,0.0403999984264373,0.095805256042902,0.0586000010371208,0.0531000010669231,0.075041380278537,0.0644057220928807,0.0992989434161715,0.0777257233042437,0.0281380005180835,0.0692910030484199,0.05687,0.0562100000679492,0.0098970001563429
1980-06-01,0.0068316923574107,0.0116999996826052,0.0286999996751546,0.0249000005424022,0.0162000004202127,0.0310414792572595,0.023199999704957,0.0355000011622905,0.0361728555921317,0.0561770392756276,0.0459719941526353,0.0525160224810954,0.0730649977922439,0.0533020012080669,0.04633,0.0295700002461671,0.0110250003635883
1980-07-01,0.0074242241708528,-0.0063000000081956,-0.0370000004768371,-0.0267999991774559,-0.0381999984383583,-0.0055640252577368,0.0537000000476837,0.0789000019431114,0.056123557353312,0.0851256917390677,0.095188329359655,0.119305538862518,0.0162710007280111,-0.0298529993742704,-0.02412,0.0675999969244003,0.0008079999824985
1980-08-01,0.0088642290322742,-0.0293000005185604,-0.0430000014603138,-0.0406999997794628,-0.0419000014662742,0.0019448196374203,0.0148000000044703,0.0113000003620982,0.026778706076498,0.051134388475817,0.0347511157796837,0.0677113815006721,0.0100450003519654,0.0649430006742477,0.00028,0.0131099997088313,0.0064570000395178
1980-09-01,0.009818162951438,-0.0038999998942017,-0.0267999991774559,-0.0188999995589256,0.0001999999949475,0.0235327248359531,0.0093999998643994,0.0432999990880489,0.0152631044388938,0.0604990339878829,0.021086085599976,0.047304427499243,0.0177979990839958,0.0547679997980594,-0.05698,0.0280600003898143,0.0092219999060034
1980-10-01,0.010725388404704,-0.0076999999582767,-0.0234999991953372,-0.0103000001981854,-0.0237000007182359,0.0056992838253503,-9.99999974737875e-05,0.0342000015079975,0.0023812530492814,0.051206745038885,0.0175309555111164,0.0462798098344313,0.0365290008485317,0.0482919998466968,-0.05267,0.0186500009149312,0.0087409997358918
1980-11-01,0.0119058443215824,-0.0024999999441206,0.0087000001221895,-0.0048000002279877,0.00089999998454,-0.0252747339836516,0.0644000023603439,0.14249999821186,0.0544051475139464,0.157495814848495,0.0368619767919741,0.122508336275878,-0.0112749999389052,-0.0297369994223117,-0.00479,0.109530001878738,0.0090589998289942
1980-12-01,0.0111045468318862,0.0271000005304813,0.0333999991416931,0.0280000008642673,0.0212999992072582,0.0226616415891902,-0.0137999998405575,-0.0439000017940998,-0.0093036945342378,-0.0658453726951257,-0.0078218421825946,-0.04721906087675,-0.0391759984195232,0.0537139996886253,0.02615,-0.0315099991858005,0.0085869999602437
1981-01-01,0.0110234782149358,0.0020999999251216,-0.0091000003740191,-0.001700000022538,0.0070000002160668,-0.0054963758686299,-0.0203000009059906,-0.06700000166893,-0.0173947776869289,-0.0815556689158704,0.0140644264569357,-0.0405214203624146,-0.0373850017786026,0.0100819999352097,-0.00714,-0.0438000001013278,0.008127000182867
1981-02-01,0.0113871392974467,-0.0082000000402331,-0.0377999991178512,-0.0234999991953372,-0.0366999991238117,-0.0327159723227326,0.0138999996706843,0.0273000001907348,0.0125178887463136,0.0145193127782937,0.0335065422550311,0.0062237131342545,-0.0080639999359846,-0.017960000783205,-0.02535,0.0208000000566244,0.0103649999946355
1981-03-01,0.0102690972234897,0.0233999993652105,0.0291000008583068,0.023199999704957,0.0226000007241964,0.0301705288803064,0.0432999990880489,0.0329000018537044,0.061450134581407,0.0365455641665425,0.0725018735418543,0.0593291636889252,0.0207119993865489,0.0509729981422424,-0.01724,0.0379999987781047,0.007218999788165
1981-04-01,0.0118786981357559,-0.0175999999046325,-0.0531000010669231,-0.0516999997198581,-0.061999998986721,-0.0299001673426197,-0.0010000000474974,-0.0412000007927417,0.0117675056907087,-0.0231224461510834,0.0319511734878294,0.0082370358764367,-0.0090039996430277,0.060428999364376,-0.01946,-0.0212999992072582,0.0064130001701414
1981-05-01,0.0116214692151797,0.0197000000625848,0.0631000027060508,0.0436000004410743,0.0653000026941299,-0.0496107812239664,0.0092000002041459,0.0023000000510364,0.0170875157387422,0.0117058733340606,0.0152865023603138,0.0333135835967485,-0.0788950026035308,-0.010661999695003,-0.07046,0.0062000001780688,0.0082459999248385
1981-06-01,0.0117938409670022,0.0066999997943639,-0.0190999992191791,-0.0010000000474974,-0.0276999995112419,-0.0195755362614346,-0.001700000022538,-0.0153999999165534,0.0042316024244892,-0.0330187060606964,0.0172862626472927,-0.0375174610741475,-0.0223239995539188,0.0304899998009204,-0.00316,-0.0080000003799796,0.0085500003769993
1981-07-01,0.0126516865669439,-0.0126000000163912,-0.0313999988138675,-0.0230999998748302,-0.0306000001728534,-0.0533652309885289,-0.0137000000104308,0.0167999994009733,-0.018478531549162,0.0202069266824211,-0.0148210047390393,-0.0178024925933537,-0.0268619991838932,-0.0506119988858699,-0.05842,0.0006999999750405,0.0114259999245405
1981-08-01,0.0132327320451948,-0.0077999997884035,-0.0417000018060207,-0.0260000005364418,-0.049600001424551,0.0142142729784562,-0.0456000007688999,-0.0635000020265579,-0.0474073718716567,-0.0791053011083712,-0.0500390117291327,-0.0950265190616887,0.0296609997749328,0.0190750006586313,-0.01115,-0.0553999990224838,0.0076529998332262
1981-09-01,0.0129571349257298,0.0119000002741813,-0.0160000007599592,-0.0173000004142522,-0.0057999999262392,0.0001352,-0.0390999987721443,-0.0614000000059604,-0.0538683316552147,-0.0894029353152216,-0.046261684328366,-0.0883272630486577,-0.0925889983773231,-0.104635998606681,-0.05223,-0.0502000004053115,0.01012699957937
1981-10-01,0.0112750168427071,0.049100000411272,0.0741999968886375,0.0588000006973743,0.0912000015377998,0.0311091596784602,0.0384999997913837,0.06700000166893,0.0637348646947597,0.10410710501487,0.0697244309406325,0.0895428731739472,0.041057001799345,-0.0022970000281929,0.0115,0.0527999997138977,0.0021480000577867
1981-11-01,0.0095167296910958,0.0608000010251998,0.110899999737739,0.10700000077486,0.122699998319149,0.103381685640548,0.0478000007569789,0.0392000004649162,0.0473084492433287,0.042128060190491,0.0598367240229755,0.0245214022571007,0.123701997101306,0.101118996739387,0.06225,0.0441000014543533,0.0028580001089721
1981-12-01,0.0104589614610033,-0.0211999993771314,-0.0485000014305114,-0.0472999997437,-0.0746999979019165,-0.0204465792975972,-0.0256999991834163,-0.0285000000149011,-0.0283369912750311,-0.0385451672260542,-0.0198429046297796,-0.0227712539472213,-0.0320359990000724,0.0098190000280737,-0.04519,-0.0264999996870756,0.0028500000480562
1982-01-01,0.0109463292669227,0.0071000000461936,0.0020000000949949,0.0013999999500811,0.0198999997228384,-0.0082446018281864,-0.0186999998986721,-0.013600000180304,-0.0314680408117118,-0.0562871342125558,-0.032841347012482,-0.0571196886897375,0.0160980001091957,-0.0246709994971752,0.00928,-0.0163000002503395,0.0035520000383257
1982-02-01,0.0111551607096245,0.0147000001743435,0.0197000000625848,0.0230000000447034,0.0322999991476535,-0.0157534288034021,-0.0344999991357326,-0.0671000033617019,-0.0296811275697191,-0.0692332698348276,-0.0265087722530426,-0.0646062179349191,-0.0378389991819858,-0.0850299969315528,-0.01679,-0.0511999987065792,0.0031860000453889
1982-03-01,0.0111762535988648,0.0091000003740191,0.0233999993652105,0.0156999994069337,0.0109000001102685,0.0030185440086048,0.0028999999631196,-0.0156999994069337,-0.0045051908291085,-0.0223877699102428,0.0034876364490267,-0.0220415801147998,-0.002068999921903,-0.0890699997544288,-0.06709,-0.006000000052154,-0.0010590000310912
1982-04-01,0.0106425741652376,0.0218000002205371,0.034400001168251,0.0355999991297721,0.0305000003427267,0.038685606758976,0.0282000005245208,0.0549999997019767,0.0409689491634325,0.0598549977239159,0.059814224332343,0.0558512908315366,0.0318889990448951,0.0967189967632293,-0.01641,0.0414000004529953,0.0042389999143779
1982-05-01,0.0102231347855314,0.015599999576807,0.0082000000402331,0.0193000007420778,0.0197000000625848,-0.0166920665947038,-0.02449999935925,-0.0304000005125999,-0.0252929006106193,-0.0335705693580644,-0.0298417070993531,-0.0326393400181688,0.00011899999663,-0.0246869996190071,0.02504,-0.0287999995052814,0.0098489997908473
1982-06-01,0.0111974888629904,-0.009800000116229,-0.0230999998748302,-0.0240000002086162,-0.0151000004261732,-0.0457888153771785,-0.017799999564886,-0.0165999997407197,-0.0300035251825275,-0.0386643258266569,-0.0258421844560373,-0.0376352645417045,-0.0796020030975341,-0.0701579973101615,-0.00462,-0.017400000244379,0.0121910003945231
1982-07-01,0.0094890182592481,0.0386999994516372,0.0489000007510185,0.045499999076128,0.0518999993801116,0.0227292730583557,-0.0296999998390674,-0.0115000000223517,-0.0322387084900718,-0.0246628156627813,-0.0050668951332894,-0.0292478883106368,0.0218749996274709,-0.042162999510765,-0.05886,-0.0215000007301569,0.0055060000158846
1982-08-01,0.0088144551831852,0.0373999997973442,0.0776000022888183,0.0710999965667724,0.0775000005960464,0.0217907191848285,0.136199995875358,0.114699997007846,0.115210319481507,0.101717290990916,0.0978096811664112,0.091822156636621,0.0068459999747574,-0.0053670001216232,-0.01257,0.1266999989748,0.0020530000329017
1982-09-01,0.0081242969571055,0.0284000001847744,0.0640999972820282,0.050900001078844,0.0509999990463256,0.0020800395241846,0.0049999998882412,0.0164000000804662,0.0331093133545498,0.0280940899912926,0.0604808141987063,0.0235134275615705,0.0235980004072189,-0.0355620011687278,-0.0517,0.0109999999403953,0.0017079999670386
1982-10-01,0.0073674967444223,0.0381000004708766,0.0852999985218048,0.0667999982833862,0.0606999993324279,0.0105274066051675,0.11209999769926,0.113499999046325,0.106613770506693,0.139679728990131,0.134027559505222,0.1528721637991,0.0131310001015663,-0.0053349998779594,-0.03295,0.112599998712539,0.0027280000504106
1982-11-01,0.0074350704056302,0.0104999998584389,-0.002600000007078,0.0159000009298324,-0.0013999999500811,0.0415014257253847,0.0355000011622905,0.0529000014066696,0.0424188337464811,0.0765069444889165,0.0914770981295399,0.0874937812635146,0.01685700006783,0.146284997463226,-0.0682,0.0438000001013278,-0.001700000022538
1982-12-01,0.0069447342158881,0.0181000009179115,0.0243999995291233,0.018300000578165,0.0292000006884336,0.061279608137566,0.0133999995887279,0.0199999995529651,0.0029677820831835,0.0094032968791739,0.0074646596603797,0.0079816883905482,0.0512199997901916,0.10674300044775,-0.04118,0.0173000004142522,-0.0040899999439716
1983-01-01,0.0071726418606614,0.0052999998442828,-0.0276999995112419,0.0049999998882412,0.0005000000237487,-0.0438439118219836,0.0469000004231929,0.0226000007241964,0.0383504337431444,0.0482271211644341,0.0605694141987063,0.0672542605673482,0.0026110000908374,-0.0181629993021488,0.03964,0.034800000488758,0.0023940000683069
1983-02-01,0.0068813030656518,0.0186999998986721,0.048700001090765,0.0346999987959861,0.0416000001132488,0.0265512861088918,0.0216000005602836,0.0292000006884336,0.0310754068084165,0.048919694856704,0.0596806290897939,0.0539665724569281,0.0396619997918605,0.0175819993019104,-0.06196,0.0260000005364418,0.0003410000063013
1983-03-01,0.0074086436600071,-0.0005000000237487,-0.0052999998442828,0.0129000004380941,-0.0012000000569969,0.0021475934131157,0.0390999987721443,0.0333999991416931,0.0313878320422147,0.031707890019478,0.0540146441967178,0.0327778520267451,0.0512080006301403,0.0279619991779327,-0.027,0.0364999994635582,0.0006820000126026
1983-04-01,0.0069662545353708,0.0188999995589256,0.0368999987840652,0.0408999994397163,0.0273000001907348,0.0237355982640058,0.0829000025987625,0.067900002002716,0.0594595468375066,0.0695604228062845,0.0870106935879252,0.0765143384007491,0.0824659988284111,0.033900000154972,0.02147,0.0758000016212463,0.0071569997817277
1983-05-01,0.0075542365644238,-0.0052000000141561,-0.0353999994695186,-0.0200999993830919,-0.0137999998405575,0.0059018683489812,0.0001999999949475,-0.0115000000223517,0.0278728573024371,0.0391747627534187,0.0501262171053186,0.0534679367676649,-0.0094910003244876,7.10000022081658e-05,-0.00496,-0.0052000000141561,0.0054150000214576
1983-06-01,0.0076583759306334,0.0024000001139938,0.0041000000201165,0.0001999999949475,-0.0035999999381601,-0.0053611710608407,0.0194000005722045,0.0571999996900558,0.0160963794257445,0.0622508494336726,0.031461787760182,0.0629519323406888,0.0186470001935958,0.0271119996905326,0.00304,0.0381999984383583,0.0033660000190138
1983-07-01,0.0082596695307548,-0.0100999996066093,-0.0489999987185001,-0.0318999998271465,-0.0395999997854232,-0.0185016652526805,-0.016499999910593,-0.0447999984025955,-0.0142785207450399,-0.0466255538021897,0.0045761168511859,-0.0494720372837621,-0.0129599999636411,0.0172339994460344,-0.03213,-0.0313000008463859,0.0040259999223053
1983-08-01,0.0083425311953304,0.0057999999262392,0.0054000001400709,0.0052999998442828,0.0148000000044703,-0.0091157016836755,0.0386999994516372,-0.0046000001020729,-0.0002164719170885,-0.0216337276151212,-0.0189766192114997,-0.0407529912661136,-0.0208589993417263,-0.0110839996486902,0.00111,0.0170000009238719,0.0033410000614821
1983-09-01,0.0078561771038943,0.0249000005424022,0.0480999983847141,0.036200001835823,0.0460000000894069,0.050955085450173,0.0085000004619359,0.018300000578165,0.0286155911754604,0.0225887172955029,0.0400163190838284,0.0205375962204741,0.0182370003312826,0.0575199984014034,0.05026,0.013600000180304,0.0049950000829994
1983-10-01,0.0077641345938535,0.006000000052154,-0.0120000001043081,-0.0005000000237487,0.0097000002861022,0.0012089701544495,-0.0057999999262392,-0.0209999997168779,-0.0282752171587829,-0.0618006302789701,-0.0341970181584091,-0.0828191496778413,0.0001789999951142,-0.0013350000372156,0.04872,-0.0133999995887279,0.0026509999297559
1983-11-01,0.0078509473679002,0.0094999996945261,0.0188999995589256,0.0120000001043081,0.0119000002741813,0.0077792575702376,0.026300000026822,0.0201999992132186,0.018775006950988,0.0455070721181382,0.0457934036675371,0.0573928095547756,0.030324000865221,0.0184799991548061,0.02087,0.0232999995350837,0.0016520000062882
1983-12-01,0.0079466157000265,0.0040000001899898,-0.0052999998442828,-0.0031000000890344,0.0063000000081956,0.0050310447228333,-0.0007999999797903,-0.0097000002861022,-0.0092276176797486,-0.0176807420270406,0.0002208043856131,-0.0258595522074145,0.0083370003849267,0.0711449980735778,0.07532,-0.0060999998822808,0.0013200000394135
1984-01-01,0.0077648462560389,0.0162000004202127,0.0201999992132186,0.0280000008642673,0.0239000003784894,-0.0165569260364608,0.0220999997109174,-0.032600000500679,0.0215180652927957,-0.0435004396968211,0.0147746179767129,-0.0495469638392189,0.041058000177145,0.0480750016868114,0.0103,-0.0065000001341104,0.0056010000407695
1984-02-01,0.0080211671983883,-0.0010000000474974,-0.018300000578165,-0.0115999998524785,-0.0013999999500811,0.0406980788450054,-0.0237000007182359,-0.0419999994337558,-0.0435203612600127,-0.0536794534001403,-0.0446627128730714,-0.0605668355222743,0.0311360005289316,-0.0083579998463392,-0.0055,-0.0328000001609325,0.0045869997702538
1984-03-01,0.0084901877489613,-0.0048000002279877,-0.0208999998867511,-0.0132999997586011,-0.0227000005543231,0.0238030916185007,0.0127999996766448,0.0210999995470047,0.0057480856219776,0.0161950059359523,0.0237735397854575,0.0035892185951325,0.0245520006865263,0.151890993118286,-0.0226,0.0171000007539987,0.00228299992159
1984-04-01,0.0086912658168616,0.002600000007078,-0.0116999996826052,-0.0087000001221895,-0.00179999996908,-0.0212499401642722,0.0074999998323619,0.0060999998822808,-0.0115771930256751,0.0073438999686718,-0.0022233475666447,0.0050029446451979,-0.0130810001865029,-0.0187260005623102,-0.01134,0.0068999999202787,0.0048810001462697
1984-05-01,0.0094995328696296,-0.0173000004142522,-0.0537000000476837,-0.0373999997973442,-0.0535999983549118,-0.0268814784447322,-0.0540999993681907,-0.0509999990463256,-0.0431780126726153,-0.0573396463463311,-0.0539949254762817,-0.0520953281471531,-0.0724989995360374,-0.122662998735904,0.03069,-0.0533999986946582,0.002915000077337
1984-06-01,0.0095963634019597,0.0096000004559755,0.0159000009298324,0.0135000003501772,0.0208999998867511,-0.0099866581796331,0.0125000001862645,0.0306000001728534,0.0082612726917501,0.0433118399882287,0.0234402469216339,0.0380682160370782,-0.0013660000404343,-0.0005709999823011,-0.02415,0.0220999997109174,0.0032289999071508
1984-07-01,0.0092775639845161,0.031599998474121,0.0732999965548515,0.0548000000417232,0.0595000013709068,-0.0315745205451352,-0.0230999998748302,-0.0063000000081956,-0.0280829246670558,-0.0320031470316798,-0.0307754853814566,-0.0446866197183229,-0.0653140023350715,-0.0625799968838691,-0.01419,-0.0142999999225139,0.0032190000638365
1984-08-01,0.0094223710415084,0.0127999996766448,0.0262000001966953,0.0223999992012977,0.0146000003442168,0.0388206878754621,0.122900001704692,0.102200001478195,0.0975949016959057,0.127802163854576,0.108430069982367,0.127765477983148,0.0851100012660026,0.0850770026445388,0.04749,0.112499997019767,0.0041709998622536
1984-09-01,0.0090000243729131,0.0185000002384185,0.0295000001788139,0.0298999994993209,0.0293000005185604,-0.022188511520669,0.0160000007599592,-0.0146000003442168,0.0187466586696607,-0.019097682944952,0.0238846374067321,-0.0269073082929578,-0.0145610002800822,-0.0036780000664293,-0.03475,0.0001999999949475,0.0047920001670718
1984-10-01,0.0081356558325502,0.0337999984622001,0.0606000013649463,0.0509999990463256,0.0469999983906745,0.0209873827941711,-0.0046000001020729,0.0104000000283122,0.0075386565736288,-0.003080478684997,0.0046647168511859,-0.0154006094539894,0.0027169999666512,0.0426950007677078,-0.00363,0.002600000007078,0.0025440000463277
1984-11-01,0.0076801732699107,0.0185000002384185,0.0113000003620982,0.0173000004142522,0.0208000000566244,0.0059695347838861,-0.002600000007078,-0.0175000000745058,0.0001216374482114,-0.019527031227071,0.0062200861357271,-0.0320344470655771,-0.002462999895215,0.0086019998416304,0.14093,-0.0100999996066093,0.0
1984-12-01,0.0073415425959753,0.0148999998345971,0.0133999995887279,0.0129000004380941,0.0160000007599592,-0.0137410397610037,0.0241999998688697,0.0256999991834163,0.0175959827973918,0.0364127122636298,0.0235288469216339,0.0250490813094247,0.0075019998475909,0.0336759984493255,0.04612,0.0252999998629093,0.0006339999963529
1985-01-01,0.0072230232861907,0.0165999997407197,0.0344999991357326,0.0289999991655349,0.026300000026822,-0.0084296001221895,0.0731000006198883,0.0797000005841255,0.0671544079430566,0.107640417994924,0.110185140509559,0.127059736494694,0.0464770011603832,0.0021699999924749,-0.0373999997973442,0.0768000036478042,0.0019020000472664
1985-02-01,0.0077273510117548,-0.0108000002801418,-0.0474000014364719,-0.025399999693036,-0.0248000007122755,-0.0449227804418563,0.0129000004380941,0.0151000004261732,0.0081516191018044,0.0290411124829501,0.0211957927361523,0.029324556336851,-0.0413050018250942,0.0209960006177425,-0.0076875127851963,0.0137000000104308,0.0041129998862743
1985-03-01,0.00750499723252,0.0166999995708465,0.0305000003427267,0.0194000005722045,0.025900000706315,0.0813057904962539,0.003400000045076,-0.0024000001139938,0.0039100432080215,-0.0101959212763646,-0.0070230511801569,-0.0248048613634338,0.115884996950626,0.0510880015790462,0.0073283081874251,0.00179999996908,0.0044109998270869
1985-04-01,0.0071568795647438,0.0197000000625848,0.0209999997168779,0.022299999371171,0.0210999995470047,0.0070139489036142,0.0093999998643994,-0.0148999998345971,0.0059427076028938,-0.0050832820726983,0.0054199036135122,-0.0130459335575059,0.0291430000215768,-0.0274870004504919,-0.0101849930360913,-0.0031999999191612,0.0040779998525977
1985-05-01,0.0063543350910491,0.0377000011503696,0.0863000005483627,0.0636000037193298,0.0584000013768672,0.0284230055186986,0.0549000017344951,0.0640999972820282,0.0392970201852257,0.0550113856599138,0.0344164324307618,0.0418667115395173,0.0525380000472068,0.0350040011107921,0.0460940785706043,0.0615000016987323,0.0037489999085664
1985-06-01,0.0061615301724142,0.0099999997764825,0.0120999999344348,0.0078999996185302,0.0137000000104308,0.0234032476220369,0.0115999998524785,0.0189999993890523,0.0201031825645658,0.0241463480411777,0.0244176299611883,0.0175345621795367,0.0121719995513558,0.0373249985277652,0.0633343383669853,0.0159000009298324,0.0031000000890344
1985-07-01,0.0064823820543782,-0.0003999999898951,-0.0143999997526407,-0.0041000000201165,-0.003400000045076,0.0728986745599746,-0.0023000000510364,-0.0038000000640749,-0.0134597961596855,0.0095703469732669,0.0260840963496645,0.0261083268602601,0.0946369990706443,0.0177439991384744,0.0325656048953533,-0.002600000007078,0.0015510000521317
1985-08-01,0.0064284076457654,0.0142000000923872,0.0260000005364418,0.0238000005483627,0.0208999998867511,0.003023560893917,-0.00089999998454,-0.0122999995946884,0.0001568060817222,-0.0084289817061257,0.0015314802728243,-0.0155730993553655,0.0516249984502792,0.0159159991890192,0.045890849083662,-0.0060999998822808,0.0021689999848604
1985-09-01,0.0063930022607865,0.0078999996185302,0.0003000000142492,0.0006000000284984,0.0113000003620982,0.0695110669259071,-0.0284000001847744,-0.0366000011563301,-0.0508375332785841,-0.0501325762862059,-0.0515732733601581,-0.0617005245495261,0.0168040003627538,0.0962179973721504,0.0965824648737907,-0.0320999994874,0.0030910000205039
1985-10-01,0.0063557492265819,0.0148000000044703,0.0359999984502792,0.0243999995291233,0.0241999998688697,0.0148747971180915,0.0480999983847141,0.0419000014662742,0.0438146036500543,0.0547524108211333,0.0493035405832056,0.0429744911286899,0.111390002071857,0.0329589992761611,0.0797066763043403,0.0447000004351139,0.0030819999519735
1985-11-01,0.0062759316151443,0.0172000005841255,0.0421000011265277,0.0258000008761882,0.0284000001847744,0.0489100700143814,0.0535999983549118,0.0890000015497207,0.0544318427517343,0.0826439120270368,0.0791888483012937,0.0737238955616492,0.078584000468254,0.0086359996348619,0.0085634132847189,0.0715999975800514,0.0033789998851716
1985-12-01,0.0061158996203218,0.0240000002086162,0.0566999986767768,0.0329000018537044,0.0271000005304813,0.0185221524808645,0.0320999994874,0.0612999983131885,0.0326919846138954,0.0463970708276645,0.0398377285987302,0.0481729613115405,0.0439390018582344,0.0511430017650127,-0.0649978071451187,0.0467000007629394,0.0024500000290572
1986-01-01,0.0060877010974016,0.0062000001780688,0.0020999999251216,0.0074999998323619,0.0038999998942017,0.0231575926665306,0.0132999997586011,-0.0043000001460313,0.0140446831621077,0.0221408549316688,0.0119521770289051,0.0204954687877913,0.0194240007549524,0.0309350006282329,-0.0171441994607448,0.0043999999761581,0.0030539999715983
1986-02-01,0.0059906703354244,0.0237000007182359,0.104900002479553,0.0478000007569789,0.0273000001907348,0.0841226836565971,0.0758000016212463,0.0756999999284744,0.0660276746496096,0.0844210519157398,0.0816105004174173,0.0724038269644405,0.119185999035835,0.103546999394893,0.0190362408757209,0.0760999992489814,-0.0027409999165683
1986-03-01,0.005411974455743,0.0269000008702278,0.0834000036120414,0.0242999996989965,0.0131000000983476,0.0403559131447315,0.0505999997258186,0.0588000006973743,0.0410284852064557,0.0599961850871365,0.053724954020987,0.0437138518450379,0.0821790024638176,0.195758000016212,0.116460837423801,0.0553999990224838,-0.004579999949783
1986-04-01,0.0052627876614541,0.0065999999642372,-0.0038999998942017,0.0054000001400709,0.0082000000402331,0.0650185977939605,-0.0278999991714954,0.0020999999251216,-0.0193763032677031,0.0144575593500526,0.0022866671644855,0.0201217344794599,0.0932900011539459,0.0426179990172386,0.0828899443149566,-0.0124000003561377,-0.0021470000501722
1986-05-01,0.0055495646833652,-0.0129000004380941,-0.0573000013828277,-0.0109999999403953,-0.0160000007599592,-0.0531200395997524,0.0557000003755092,0.0535999983549118,0.0335020601608323,0.0571973780452162,0.0386156526953522,0.0415215902161313,-0.0880829989910125,-0.0049780001863837,0.0403413511812686,0.0549000017344951,0.0030739998910576
1986-06-01,0.0051821276912111,0.0241999998688697,0.0623000003397464,0.0187999997287988,0.0146000003442168,0.0629177799347877,0.0143999997526407,0.018300000578165,0.0140762747954437,0.0200886339843029,0.0108411987468016,0.0106872476967429,0.0439210012555122,0.0884149968624115,-0.0013049963163211,0.0165999997407197,0.0049029998481273
1986-07-01,0.0049461050221228,0.0109999999403953,-0.0062000001780688,0.0044999998062849,0.0195000004023313,0.0378738528017044,-0.0476000010967254,-0.066500000655651,-0.0436718329301771,-0.0798158373325848,-0.0760372869796358,-0.0940956810610525,-0.0082069998607039,0.116639003157615,-0.0011822537053376,-0.0568999983370304,0.0003000000142492
1986-08-01,0.0044867807158712,0.0232999995350837,0.0461000017821788,0.0205000005662441,0.0187999997287988,0.0195178424839019,0.100599996745586,0.0489999987185001,0.0654252770574526,0.0479196675319387,0.0557247153426449,0.0306728952577212,0.11209700256586,0.0895939990878105,-0.050211813300848,0.0747999995946884,0.00179999996908
1986-09-01,0.0046767899749882,-0.0093999998643994,-0.0372000001370906,-0.0028999999631196,0.0006000000284984,-0.0223563408579587,-0.0631999969482421,-0.102200001478195,-0.0764237411850288,-0.0869680027425766,-0.048040640892573,-0.0770609240026548,-0.0630159974098205,0.0275190006941556,-0.0449298173189163,-0.0821999981999397,0.0049000000581145
1986-10-01,0.004632201747369,0.0126000000163912,0.0178999993950128,0.0167999994009733,0.0137999998405575,-0.0308871196683406,0.0478999987244606,0.0632999986410141,0.0282675135709027,0.0548117811454569,0.0199512192114997,0.0520593279930779,0.006448000203818,-0.113659001886844,0.055422019213438,0.0555999986827373,0.0009089999948628
1986-11-01,0.0046669890155066,0.0096000004559755,0.018300000578165,0.0143999997526407,0.0201999992132186,0.0250637883219957,0.0223999992012977,0.0285000000149011,-0.0079519792139768,0.0024561423326542,-0.0061567662792165,-0.0043194614963809,0.0539189986884593,0.0607529990375041,-0.0759370103478431,0.0255999993532896,0.0009079999872483
1986-12-01,0.0048220909888907,0.002600000007078,-0.0006000000284984,0.0089999996125698,0.003400000045076,0.0366775987569332,-0.0299999993294477,-0.0232999995350837,-0.0400463712152993,-0.0177693522549089,-0.0300652928270004,-0.0190425726190914,0.0255120005458593,0.0734729990363121,0.0147172734141349,-0.0263999998569488,0.0009079999872483
1987-01-01,0.0048022614892202,0.0089999996125698,0.0176999997347593,0.0218000002205371,0.0154999997466802,0.0495514830473899,0.132400006055831,0.136199995875358,0.0892774493236301,0.131528141246797,0.114472954566075,0.120672850336579,0.0445189997553825,0.14988100528717,0.0060374741442501,0.134299993515014,0.0060399998910725
1987-02-01,0.0047760524066799,0.0049999998882412,0.0129000004380941,0.006000000052154,0.0080000003799796,0.022732648802185,0.0138999996706843,0.0676999986171722,0.0324202144873136,0.0774642006507701,0.07014493125,0.0862859121103927,0.036056999117136,0.0264730006456375,0.0369041860103607,0.0412999987602233,0.0039029999170452
1987-03-01,0.0049693016445782,-0.002199999988079,-0.0185000002384185,-0.0040000001899898,-0.0015000000130385,0.0576625278119087,0.0326999984681606,0.0221999995410442,0.0049557294523504,0.0104543946949306,0.0155959060830857,0.0183085303374991,0.0497560016810894,0.103235997259616,0.0208222456276416,0.0272000003606081,0.0044860001653432
1987-04-01,0.0053291417098653,-0.0176999997347593,-0.0487999990582466,-0.0329000018537044,-0.0283000003546476,0.0390397233788013,-0.0062000001780688,-0.0119000002741813,-0.0439434295038371,-0.0281413871935972,-0.0343981062647819,-0.0306992511817056,0.0394870005548,0.147130995988845,0.0964483544230461,-0.0087999999523162,0.0053590000607073
1987-05-01,0.0055293113108119,-0.002199999988079,-0.0118000004440546,-0.0044999998062849,-0.0028999999631196,-0.0137972498413085,0.0089999996125698,0.0114000001922249,-0.0144193409171603,0.0079932137949991,-0.0054015795168902,-0.0006301754573537,-0.0052379998378455,0.003220000071451,0.0166419018059968,0.0103000001981854,0.0029609999619424
1987-06-01,0.0054233110835857,0.0118000004440546,0.0113000003620982,0.0144999995827674,0.0179999992251396,-0.0240440799023866,0.0491999983787536,0.0505999997258186,0.0361707948743903,0.0389693410398027,0.040481814635745,0.0274841500499251,0.0288319997489452,-0.0656320005655288,0.0233849752694368,0.0498999990522861,0.0041330000385642
1987-07-01,0.0054987603345182,0.002199999988079,-0.0175000000745058,-0.0027000000700354,0.0038000000640749,-0.0342500882323741,0.0439999997615814,0.0551000013947486,0.0163100490044397,0.0393140143582731,0.041481695296574,0.0303384563523497,0.0339390002191066,-0.023514000698924,0.156012564897537,0.0498000010848045,0.0020580000709742
1987-08-01,0.0057515372272021,-0.002600000007078,-0.0165999997407197,-0.0055999998003244,-0.0043999999761581,0.0334491727773189,0.0348999984562397,0.0414999984204769,0.0303940377700224,0.0489875573004547,0.03703778216816,0.0379798173803338,0.0086420001462101,0.118941999971866,0.0856394544243812,0.0384999997913837,0.0055749998427927
1987-09-01,0.0062750784545884,-0.0125000001862645,-0.0439999997615814,-0.0282000005245208,-0.0201999992132186,-0.0355827884849071,-0.0181000009179115,-0.025900000706315,-0.0300804152502569,-0.0176420704745691,-0.0258435770104935,-0.0204742579461778,0.0068350001238286,-0.0288369990885257,0.154308348894119,-0.0219999998807907,0.0049609998241066
1987-10-01,0.0054321953444937,0.0297999996691942,0.0729999989271164,0.0333999991416931,0.0302000008523464,0.0932623853806495,-0.203199997544288,-0.227099999785423,-0.211500950689429,-0.263374119846219,-0.279702084465453,-0.288345175892031,-0.18979600071907,-0.108635999262332,-0.251035124063491,-0.215200006961822,0.0026130001060664
1987-11-01,0.0056254906519743,0.006000000052154,0.0010000000474974,0.010700000450015,0.0121999997645616,0.0613596921686172,-0.0746999979019165,-0.0886000022292137,-0.0579409665852698,-0.0672988034885084,-0.0446191081156205,-0.0502474161794403,-0.043613001704216,0.0398170016705989,-0.0928763225674629,-0.0819000005722045,0.0014479999663308
1987-12-01,0.0057375436751501,0.0097000002861022,0.0199999995529651,0.0188999995589256,0.0131999999284744,0.0691252013567924,0.0626000016927719,0.0847999975085258,0.0307790442095777,0.107423503043337,0.0532355682933397,0.105526171215713,0.0586309991776943,0.0154969999566674,-0.0503221303224563,0.0737999975681305,-0.0002889999886974
1988-01-01,0.0053679842484015,0.0248000007122755,0.0610000006854534,0.0392000004649162,0.0373999997973442,-0.0365703815694809,0.0663999989628791,0.0203000009059906,0.0732213947574629,0.0240583299246953,0.0771215961851701,0.0134682236247933,-0.0406260006129741,0.0497470013797283,0.104938268661499,0.0427000001072883,0.002600000007078
1988-02-01,0.0053316340859732,0.0105999996885657,0.0110999997705221,0.0137000000104308,0.0127999996766448,0.0075911709938287,0.0458000004291534,0.0472000017762184,0.0413676818578084,0.0666249247002607,0.0852317328850023,0.0804361976326908,0.0592660009860992,0.0706759989261627,0.0686984881758689,0.0469999983906745,0.0025929999537765
1988-03-01,0.0054618563318633,-0.0041999998502433,-0.0306000001728534,-0.0086000002920627,-0.0074999998323619,0.0421556679431438,-0.0210999995470047,-0.0390999987721443,-0.0098321732655355,0.0070145842904661,0.0311271023419022,0.0301753520436663,0.0279479995369911,0.0780410021543502,0.0185808185487985,-0.0302000008523464,0.0043100002221763
1988-04-01,0.0057345364491727,-0.001700000022538,-0.0179999992251396,-0.0071000000461936,-0.0043999999761581,-0.0028515101020157,0.0125000001862645,0.0081000002101063,-0.0006597452552498,0.0146614269818642,0.0202620144540488,0.0176877400695924,0.019013000652194,0.0127510000020265,0.100863821804523,0.0108000002801418,0.0051500000990927
1988-05-01,0.0061344352970109,-0.0048000002279877,-0.0153999999165534,-0.0054000001400709,-0.0071000000461936,-0.0128385100123405,0.0122999995946884,0.003000000026077,-0.0055933401931524,-0.0096555245024551,-0.0193999046297796,-0.0257669092079002,-0.0182780008763074,-0.0380389988422393,0.0774059519171714,0.0077999997884035,0.0034159999340772
1988-06-01,0.006003094019833,0.0163000002503395,0.0423999987542629,0.0239000003784894,0.0284000001847744,-0.0543296794948101,0.0428999997675418,0.0494000017642974,0.0533861671231037,0.0619950201452173,0.0821434909025155,0.064981836304463,-0.0097080003470182,-0.0338729992508888,0.0296032894402742,0.046399999409914,0.0042550000362098
1988-07-01,0.0062815893984085,-0.003000000026077,-0.0199999995529651,-0.002199999988079,-0.003400000045076,-0.0051656702143073,-0.0012000000569969,-0.0065000001341104,-0.0135547326083495,-0.0208453172078878,0.0061525927545639,-0.024480511343024,0.0026199999265372,0.0455490015447139,0.0998626872897148,-0.0040000001899898,0.0042369998991489
1988-08-01,0.006645848594331,0.001300000003539,0.0041999998502433,0.0041999998502433,0.002199999988079,-0.0216992396471023,-0.0274999998509883,-0.0377000011503696,-0.0166664986223998,-0.0245994390785842,-0.0145115999815884,-0.0330837183123892,-0.0450109988451004,-0.0739059969782829,0.0711610466241836,-0.0331000015139579,0.0042190002277493
1988-09-01,0.0065382896271255,0.0173000004142522,0.0375000014901161,0.0216000005602836,0.0249000005424022,0.0295729812624931,0.0386999994516372,0.0454000011086463,0.0247236964319114,0.0363355818210325,0.0280388603594154,0.0244125573625599,0.0547589994966983,0.0387380011379718,0.0417108125984668,0.0423999987542629,0.0067230002023279
1988-10-01,0.0064741110676393,0.0137999998405575,0.0306000001728534,0.0175000000745058,0.0219000000506639,0.0706471752765655,0.031599998474121,0.0234999991953372,0.0024684805560144,-0.0009149699687268,0.0049305168511859,-0.0136555987578631,0.0930680036544799,0.0823260024189949,-0.119003221392631,0.0273000001907348,0.0033390000462532
1988-11-01,0.0069083480938367,-0.0086000002920627,-0.0225000008940696,-0.0096000004559755,-0.0144999995827674,0.0365423549356937,-0.0094999996945261,-0.0185000002384185,-0.0288495094289696,-0.0158777667072672,-0.0209552733969813,-0.0300669754277447,0.0127090001478791,0.0826580002903938,0.0789301544427871,-0.0142000000923872,0.0008319999906234
1988-12-01,0.0072251881149292,0.0010000000474974,0.0131000000983476,0.0027000000700354,-0.0052000000141561,-0.0201654202845811,0.0114000001922249,0.0234999991953372,0.0061576195144141,0.0398160201034731,0.0291273410202443,0.041345201991708,0.0056759999133646,0.0057890000753104,-0.0765087753534317,0.0181000009179115,0.0016629999736323
1989-01-01,0.0072322208738329,0.0099999997764825,0.0214000009000301,0.0148000000044703,0.0173000004142522,-0.0362030800041675,0.0732999965548515,0.0718000009655952,0.0405203674342044,0.0626719724639121,0.0476806748134642,0.0448706124644326,0.036625001579523,0.0093090003356337,0.0198999997228384,0.0723000019788742,0.0049789999611675
1989-02-01,0.0075079525563199,-0.0043000001460313,-0.0206000003963708,-0.0055999998003244,-0.0063999998383224,0.0083260013180851,-0.0216000005602836,-0.0266999993473291,-0.0058860624074165,-0.001749586678026,0.0089075403212086,0.005145076871132,-0.0109999999403953,0.0128939999267458,0.0334346517920494,-0.0249000005424022,0.0041290000081062
1989-03-01,0.0076780100366151,0.0046999999321997,0.010700000450015,0.003000000026077,0.0015000000130385,-0.0302655502763509,0.0263999998569488,0.0208000000566244,0.0121942583390638,0.0241608117156059,0.0171287782636919,0.0197392214945194,0.0076100002042949,-0.0316459983587265,0.0500948764383792,0.0236000008881092,0.0057569998316466
1989-04-01,0.0073419298629462,0.0201999992132186,0.0254999995231628,0.0203000009059906,0.0201999992132186,0.0087058859827041,0.0480000004172325,0.0542000010609626,0.0336724060314804,0.065537076288859,0.0545912394392669,0.0565331351034423,0.0281240008771419,0.0007079999777488,0.134531989693641,0.0516000017523765,0.006541000213474
1989-05-01,0.0071042975287212,0.0193000007420778,0.0370000004768371,0.0273000001907348,0.0309999994933605,-0.0601223093507766,0.0379000008106231,0.0428999997675418,0.0291820886493048,0.0515851659129544,0.0367044913736943,0.046112699404869,-0.0508520007133483,-0.0557789988815784,0.0162459183484315,0.0401999987661838,0.0056859999895095
1989-06-01,0.0065481566793534,0.0254999995231628,0.0575000010430812,0.0296000000089406,0.0245999991893768,0.0066660730117976,-0.0035999999381601,-0.0073000001721084,-0.0050908709231109,-0.007888047121476,-0.0114008614125059,-0.024306103153969,0.0415970012545585,-0.0444509983062744,-0.0210798531770706,-0.0054000001400709,0.0024230000562965
1989-07-01,0.0062000027931254,0.0203000009059906,0.0236000008881092,0.0194000005722045,0.0226000007241964,0.0690584721924781,0.0689999982714653,0.108800001442432,0.0436516647184382,0.0749125892894466,0.0367044913736943,0.0499639564867682,0.118092998862266,0.129905998706817,-0.0028017931617796,0.0898000001907348,0.0024170000106096
1989-08-01,0.0067075371416316,-0.0135000003501772,-0.0267999991774559,-0.0108000002801418,-0.0130000002682209,-0.0482984502850055,0.0219999998807907,0.0152000002562999,0.0159510671447198,0.0390582121787322,0.0354824154703162,0.0350850635526038,-0.012168999761343,-0.0617589987814426,0.0443927124142646,0.0193000007420778,0.0016080000204965
1989-09-01,0.0068043647774163,0.0048000002279877,0.0028999999631196,0.0046000001020729,0.0071000000461936,0.0329674239220142,-0.010700000450015,0.0024999999441206,-0.0131578447831324,0.0156592406941467,-0.0031796234700227,0.0151353325216704,0.0175519995391368,0.0612480007112026,0.182551890611648,-0.0038999998942017,0.0032099999953061
1989-10-01,0.0063319561791808,0.0209999997168779,0.0403000004589557,0.0230000000447034,0.0228000003844499,-0.0082006502015471,-0.0322999991476535,-0.0149999996647238,-0.0516713787990471,-0.0352961341058804,-0.0697272119108289,-0.0446672654722524,-0.0652021765708923,-0.0266548600047826,-0.0133246667683124,-0.0232999995350837,0.0048000002279877
1989-11-01,0.0062083287583316,0.0098999999463558,0.0092000002041459,0.0068999999202787,0.0109000001102685,0.0088895549016118,0.008899999782443,0.031199999153614,-0.0038802498672362,0.0269057347601214,-0.0049571885144525,0.0155333360928719,0.0558918491005897,0.0477213002741336,-0.0226613972336053,0.0208000000566244,0.0023890000302344
1989-12-01,0.0062991609538318,0.0028999999631196,-0.0019000000320374,0.0010999999940395,0.0059000002220273,0.0230616702647924,0.023199999704957,0.0239000003784894,0.0008327902371316,0.0204224528851766,-0.0049796861357271,0.0075748445754866,0.108015656471252,0.0012056030100211,0.0886357501149177,0.0236000008881092,0.0015889999922364
1990-01-01,0.0064961221990209,-0.0062000001780688,-0.0364000014960765,-0.0125000001862645,-0.0070000002160668,-0.0119363796947479,-0.0586999990046024,-0.0746999979019165,-0.085780640494111,-0.0881696906761685,-0.0808594902837805,-0.0841824947682786,-0.0023198800627142,-0.0564747266471385,-0.0081728687509894,-0.0671000033617019,0.0103089995682239
1990-02-01,0.0065226350422664,0.0037000000011175,-0.003000000026077,0.0028999999631196,0.0059000002220273,-0.0304552392153024,0.0203000009059906,0.0057999999262392,0.0140613154349289,0.0233144880434817,0.0287940481564207,0.0301844108985556,-0.0235919505357742,-0.0969166383147239,0.0407016649842262,0.0129000004380941,0.0047100000083446
1990-03-01,0.0066845203158671,0.0012000000569969,-0.0043000001460313,0.00089999998454,0.0024999999441206,-0.0207109806178092,0.0119000002741813,0.0399000011384487,0.0003925031725442,0.0384735877551409,0.0305716121661715,0.0401375985084606,0.0145046301186084,-0.179927080869674,-0.0545858070254325,0.026300000026822,0.005468999966979
1990-04-01,0.0068693804285953,-0.0032999999821186,-0.02449999935925,-0.0104000000283122,-0.0089999996125698,0.0027682340678781,-0.0340000018477439,-0.0162000004202127,-0.0590458332918418,-0.0187072908975284,-0.0325094446337565,-0.0294926196725646,-0.0261696502566337,0.0068585216067731,0.0380052030086517,-0.0247000008821487,0.0015539999585598
1990-05-01,0.0066172511262307,0.0214000009000301,0.0469999983906745,0.0322999991476535,0.0309999994933605,0.0394355589033126,0.0795999988913536,0.11320000141859,0.0612945218144948,0.0984258777417599,0.0569242915553905,0.084154485344734,0.081830233335495,0.13907715678215,0.0920537933707237,0.0974999964237213,0.0023270000237971
1990-06-01,0.0064599985824669,0.0131999999284744,0.0232999995350837,0.0171000007539987,0.0157999992370605,0.0209279255450725,-0.0188999995589256,0.0032999999821186,-0.0131618361798635,0.0048475823825349,0.0094855265661954,-0.0006021857399009,0.0355151109397411,-0.0401478484272956,0.0584350153803825,-0.0070000002160668,0.0054179998114705
1990-07-01,0.0062263696162776,0.0140000004321336,0.0093999998643994,0.0113000003620982,0.017400000244379,0.0493124285222053,9.99999974737875e-05,-0.0063000000081956,-0.0323275663052814,-0.0173383361444798,-0.0468410646798275,-0.0354201354448354,0.0425467491149902,-0.0074512381106615,0.091591753065586,-0.0031999999191612,0.0038489999715238
1990-08-01,0.0062625223958232,-0.0035999999381601,-0.0428000018000602,-0.0159000009298324,-0.0105999996885657,-0.0009000999761722,-0.0879999995231628,-0.0922000035643577,-0.101168783245879,-0.100220850532164,-0.126387093951317,-0.116480055215915,-0.0988089591264724,-0.0952275767922401,-0.116413138806819,-0.0903000012040138,0.0092019997537136
1990-09-01,0.006184354030007,0.008899999782443,0.0115000000223517,0.0046000001020729,0.0082000000402331,0.0118527225659251,-0.0463000014424324,-0.0516000017523765,-0.0762414213316894,0.048803303706226,-0.0933910486988261,-0.081765653824006,-0.11734776943922,-0.156568124890327,-0.111683756113052,-0.0491999983787536,0.0083590000867843
1990-10-01,0.0059783054369157,0.0138999996706843,0.023199999704957,0.0044999998062849,0.0113000003620982,0.0717497551322937,-0.0142000000923872,0.0065999999642372,-0.032374456481292,-0.03268443094953,-0.0658387889581456,-0.0519800321926105,0.0847888514399528,0.216260895133018,-0.0008640908636152,-0.0037000000011175,0.0060290000401437
1990-11-01,0.0058899302593538,0.0151000004261732,0.0421999990940094,0.0206000003963708,0.0209999997168779,0.0122391171262621,0.0683000013232231,0.0604000017046928,0.0648560467934093,0.0954435176274005,0.0730334735418543,0.0878405566753335,0.0104665197432041,-0.110722176730632,-0.0475660972297191,0.0644000023603439,0.0022470001131296
1990-12-01,0.0055008465229298,0.0137999998405575,0.0198999997228384,0.0141000002622604,0.0167999994009733,0.0045540481315016,0.0226000007241964,0.0318000018596649,0.0255044224806767,0.0551336036855642,0.0440144471033301,0.053836391475813,-0.0140136200934648,0.0427637882530689,0.0244519393891096,0.0274000000208616,0.0
1991-01-01,0.0052640722696799,0.0103000001981854,0.0120000001043081,0.012699999846518,0.0152000002562999,0.0386544586599826,0.0472999997437,0.0416000001132488,0.0524488166564477,0.0675402145964119,0.0874536935879252,0.0779701857880558,0.0341185517609119,0.0313713997602462,0.0071541625075042,0.0441999994218349,0.0059790001250803
1991-02-01,0.0051765164331565,0.0060999998822808,0.0048000002279877,0.0171000007539987,0.0083999997004866,-0.0028933699267894,0.065200001001358,0.0775000005960464,0.072632961563553,0.090577890444368,0.1163391247839,0.0982863753921922,0.087933711707592,0.123445384204387,0.123082727193832,0.0715999975800514,0.0014860000228509
1991-03-01,0.0050646843023371,0.0054999999701976,0.0038999998942017,0.0122999995946884,0.006800000090152,-0.0752373328923225,0.0091000003740191,0.0377999991178512,0.0271837585016663,0.0462129925381913,0.0703446309406325,0.0489156998678982,-0.0666738823056221,-0.0543079450726509,0.018750699236989,0.0238000005483627,0.0014840000076219
1991-04-01,0.0048887221855538,0.0103000001981854,0.012699999846518,0.0130000002682209,0.0092000002041459,0.0188874024897813,0.0078999996185302,-0.0019000000320374,0.0106513416935036,-0.0042230124469665,0.0062636903758385,-0.0041835771132623,-0.0101198395714163,0.0258537083864212,0.0076369429007172,0.0027999999001622,0.0014809999847784
1991-05-01,0.004995098576678,0.0055999998003244,-0.0007999999797903,0.0068999999202787,0.0087999999523162,-0.0058538699522614,0.047699999064207,0.0377999991178512,0.026362963841751,0.0460010555977913,0.0555911201000958,0.0414469863993687,0.0299197696149349,-0.0036841419059783,0.0423118881881237,0.0428000018000602,0.0029589999467134
1991-06-01,0.0051179137496806,0.0007999999797903,-0.0074999998323619,-9.99999974737875e-05,0.00089999998454,-0.0200430303812026,-0.0496999993920326,-0.0417999997735023,-0.0496460180940094,-0.0565611120178813,-0.0331760324307618,-0.0493574092696472,-0.0835911035537719,-0.0651853755116462,-0.0327474363148212,-0.0456999987363815,0.0029498520307242
1991-07-01,0.0050107985519465,0.0108000002801418,0.0156999994069337,0.0143999997526407,0.0168999992311,0.0302750170230865,0.0397000014781951,0.0535000003874301,0.0435539800463256,0.0708388876304512,0.0304830121661715,0.0489521194619247,0.0697054713964462,0.0339202582836151,0.027257977053523,0.046799998730421,0.0014705880312249
1991-08-01,0.0046415131625214,0.0189999993890523,0.0346999987959861,0.0226000007241964,0.0182000007480382,0.0166367571800947,0.0144999995827674,0.0322000011801719,0.0258539821742115,0.0409388881311302,0.0385931530047196,0.0414918051591295,0.0186276007443666,-0.0505484826862812,0.0216910596936941,0.0234999991953372,0.0029368579853326
1991-09-01,0.0043961615777616,0.0170000009238719,0.031599998474121,0.0206000003963708,0.0186999998986721,0.056668996810913,-0.0104999998584389,-0.0219000000506639,-0.0103460189631196,-0.0016611121460313,0.0054860059922376,0.0048351071661073,0.0303838793188333,0.078843206167221,-0.0384417176246643,-0.0164000000804662,0.0043923859484493
1991-10-01,0.0041417406966419,0.0114000001922249,0.0015999999595806,0.0094999996945261,0.0165999997407197,0.0128767313435673,0.0146000003442168,0.0121999997645616,0.0223539806691942,0.0496388863906745,0.0167068843651892,0.0306261173615814,-0.0206345003098249,0.0427050963044166,0.0655948519706726,0.0133999995887279,0.0014577000401914
1991-11-01,0.0038111791684007,0.0116999996826052,0.0054000001400709,0.009800000116229,0.0071999998763203,0.0207188017666339,-0.0557999983429908,-0.0254999995231628,-0.0462460201444091,-0.0258611120149011,-0.0497296069716818,-0.0376379604542308,-0.023099260404706,-0.064128577709198,0.0018607926322147,-0.0403999984264373,0.0029112079646438
1991-12-01,0.0033496748894004,0.0242999996989965,0.0604999996721744,0.0326999984681606,0.0200999993830919,0.0686033591628074,0.0851000025868415,0.140900000929832,0.0824539828835067,0.147138890264976,0.0733442729231193,0.114075982130444,0.0785821080207824,0.0308572985231876,0.10642036050558,0.114299997687339,0.0007256889948621
1992-01-01,0.0034366712737758,-0.0096000004559755,-0.0313999988138675,-0.0125000001862645,-0.0115999998524785,-0.0195306297391653,0.0,-0.0351000018417835,0.0238539818463859,0.0078388880141561,0.0903422358797796,0.0536364229395719,0.0001012499997159,-0.0385752767324447,0.124631367623806,-0.0186000000685453,0.0014503259444609
1992-02-01,0.0035320624063956,0.0031000000890344,0.0060999998822808,0.0096000004559755,0.0094999996945261,-0.0148112401366233,0.0203000009059906,0.0059000002220273,0.0192539803473291,0.0069388881460313,0.0455698179398898,0.0097564283942304,0.0042863897979259,-0.0698906332254409,0.0255365502089262,0.0127999996766448,0.0036205649375915
1992-03-01,0.0036747054841639,-0.0040000001899898,-0.0108000002801418,-0.0043000001460313,-0.0063999998383224,-0.014838240109384,-0.0156999994069337,-0.023199999704957,-0.0383460186632337,-0.0422611120953674,-0.0174226409293962,-0.0464696296718478,-0.0346312187612056,-0.0949108973145484,-0.005192557349801,-0.0196000002324581,0.0050505050458014
1992-04-01,0.003528350644407,0.0089999996125698,-0.0010999999940395,0.0049999998882412,0.009800000116229,0.0070839808322489,0.0487999990582466,0.0105999996885657,0.0077176982622604,-0.0362380957913837,-0.0019575475666447,-0.0413667413289196,0.0555771589279174,-0.0456316992640495,0.0055360039696097,0.0291000008583068,0.0014357500476762
1992-05-01,0.0034653533894681,0.0148999998345971,0.0284000001847744,0.022299999371171,0.0179999992251396,0.0439470112323761,0.0027999999001622,0.0077999997884035,0.0029176980342726,0.0119619042861022,0.0337048493912074,0.0109375172214683,0.0573167987167835,0.0782286897301673,-0.0059774271212518,0.0054000001400709,0.001433692057617
1992-06-01,0.0033085623579143,0.0143999997526407,0.0141000002622604,0.015599999576807,0.0118000004440546,0.0404911823570728,-0.0082000000402331,-0.0207000002264976,-0.0252823015589256,-0.0374380974781951,-0.0232883275824628,-0.0489409603482961,-0.018250910565257,-0.0784313753247261,-0.102662496268749,-0.0144999995827674,0.0035790980327874
1992-07-01,0.0029537190589312,0.019200000911951,0.0419000014662742,0.0266999993473291,0.0087999999523162,0.021818071603775,0.0361000001430511,0.0450999997556209,0.0374176981013279,0.0538619057523765,0.0395930336655486,0.0324391422243449,-0.0353234484791755,-0.0136559996753931,-0.0021603032946586,0.0403000004589557,0.0021397999953478
1992-08-01,0.0028323964180967,0.0102000003680586,0.0068999999202787,0.0077999997884035,0.0130000002682209,0.0442443788051605,-0.0289999991655349,-0.0115000000223517,-0.0292823022145767,-0.0228380962026557,-0.0167335555111164,-0.0321396706330086,-0.0028219143860042,0.137224406003952,-0.0422392077744007,-0.0201999992132186,0.0028469751123338
1992-09-01,0.0025058172935361,0.0137999998405575,0.0151000004261732,0.0120999999344348,0.0077999997884035,0.0064377072267234,0.0109999999403953,0.0118000004440546,0.004317698450015,0.0197619040745058,0.0189288409293962,0.0178238041447688,-0.0161071717739105,-0.022706039249897,-0.020667066797614,0.0115000000223517,0.0028388930950313
1992-10-01,0.0028840763011888,-0.0120000001043081,-0.0209999997168779,-0.017799999564886,-0.0087999999523162,-0.0360966995358467,-0.0080000003799796,0.0149999996647238,0.0068176979284744,0.0369619027959861,0.0204842096965979,0.0367167192859912,-0.0693716704845428,-0.0351028479635715,0.0446087904274463,0.0035999999381601,0.0035385699011385
1992-11-01,0.0031171283451487,-0.0041000000201165,0.0046000001020729,0.0015999999595806,0.0031000000890344,-0.0256964899599552,0.0271000005304813,0.0403999984264373,0.0327176967721443,0.0740619049655952,0.0661454086066842,0.0741013111017763,-7.6050499046687e-05,0.019065786153078,-0.0065386001951992,0.0337000004947185,0.0014104370493441
1992-12-01,0.0029350761264426,0.0129000004380941,0.0276999995112419,0.0185000002384185,0.0129000004380941,-0.0020703300833702,0.0181000009179115,0.0065999999642372,0.0311176994901161,0.0306619041847743,0.0374596771013416,0.0236750984619392,0.0233477167785167,-0.0112416539341211,0.0333166904747486,0.0131000000983476,-0.0007042249781079
1993-01-01,0.0027548294524206,0.0186000000685453,0.0285000000149011,0.0232999995350837,0.0131000000983476,0.0136504396796226,0.0275999996811151,-0.0108000002801418,0.0140176987361173,0.0069619039321997,0.0459031128730714,0.0049703422768976,0.0020763929933309,-0.0016565156402066,-0.0043487809598445,0.0073000001721084,0.0049330508336424
1993-02-01,0.0027031940581427,0.0147000001743435,0.0340000018477439,0.0230000000447034,0.0100999996066093,0.0198736395686864,0.0344999991357326,-0.0081000002101063,0.0090176979165534,-0.0403380944145164,0.0130181590337805,-0.0535387401612142,0.0118200909346342,0.0486992448568344,0.025324273854494,0.0135000003501772,0.0035063109826296
1993-03-01,0.0026916389648738,0.0037000000011175,0.0024000001139938,0.0035000001080334,0.0060999998822808,0.0248380005359649,0.0275999996811151,0.0141000002622604,0.0315176988106231,0.0322619033294477,0.0466807941526353,0.030730614423238,0.0518197827041149,0.121015407145023,0.0325731486082077,0.0215000007301569,0.0034940598998218
1993-04-01,0.0026699611895728,0.0077999997884035,0.0074000000022351,0.0076999999582767,0.0052000000141561,0.0300252567976713,-0.0040000001899898,-0.0461000017821788,-0.022718585244379,-0.0332150818417835,-0.0300652928270004,-0.0428463148765128,0.0224241688847541,0.159513562917709,0.0358794853091239,-0.02449999935925,0.0027855150401592
1993-05-01,0.0029633920326224,-0.0027000000700354,0.0032999999821186,0.0012000000569969,0.0057000000961124,0.0182118751108646,0.0186999998986721,0.0355999991297721,0.0195814155424022,0.0691849192966651,0.0416372323802299,0.0569852430056834,0.0111074177548289,0.0292548518627882,0.0218038465827703,0.0270000007003545,0.0013888890389353
1993-06-01,0.0028247605753943,0.0144999995827674,0.0425999984145164,0.0242999996989965,0.0076000001281499,-0.0187249705195426,0.0131999999284744,-0.0085000004619359,0.0058814146006488,0.0008849199525025,0.006193698998597,0.0062098499599653,-0.0142829995602369,-0.0162355508655309,0.0283858273178339,0.0032999999821186,0.0013869629474356
1993-07-01,0.0028847175202972,0.0020000000949949,0.0167999994009733,0.0071999998763203,0.0040000001899898,0.0007169644813984,0.0124000003561377,-0.0206000003963708,-0.0085185849191612,0.0007849200059604,0.0161515069694678,0.0064056266610692,0.003749405965209,0.0592860765755176,0.0310478154569864,-0.0046999999321997,0.0
1993-08-01,0.0027632891067308,0.0148999998345971,0.0410999990999698,0.0249000005424022,0.0046999999321997,0.0356020927429199,0.0392000004649162,0.0364999994635582,0.030381415822544,0.0497849187244606,0.04282820169462,0.0517173564116403,0.0880776271224021,0.0297319795936346,0.0812045186758041,0.0381000004708766,0.0027700830250978
1993-09-01,0.0027639188285193,0.0041000000201165,0.0032999999821186,0.0024000001139938,0.00089999998454,0.0168963856995105,-0.0003999999898951,-0.0153000000864267,-0.0036185849774619,0.0194849199046325,0.0241048887684794,0.0374041519482911,-0.0027971621602773,-0.0372507907450199,0.0402486361563205,-0.0074000000022351,0.0020718199666589
1993-10-01,0.0028323768575779,0.0024000001139938,0.0074000000022351,0.0049999998882412,0.0028999999631196,-0.0045791137963533,0.0054000001400709,0.0372000001370906,-0.0091185850640749,0.0122849200283122,0.0145749179709743,0.0167620897368355,0.041963130235672,0.0223540868610143,0.0841834172606468,0.0203000009059906,0.0041350000537931
1993-11-01,0.0029703951924955,-0.0049000000581145,-0.025900000706315,-0.0122999995946884,-0.0020000000949949,-0.0046001789160072,-0.0178999993950128,-0.0006999999750405,-0.0335185855245208,-0.0181150795529651,-0.031113056361871,-0.0344486830934955,-0.0212990026921033,-0.140945717692375,0.0633963644504547,-0.0093999998643994,0.0006863410235382
1993-12-01,0.0029435731742208,0.0041000000201165,0.0031000000890344,0.0059000002220273,0.0081000002101063,0.0111178597435355,0.0170000009238719,0.0070000002160668,0.0292814158285045,0.0591849213828277,0.0425904531575769,0.0397217102095596,0.0753696039319038,0.0698771402239799,0.170832976698875,0.0122999995946884,0.0
1994-01-01,0.0028665739699491,0.0098999999463558,0.0239000003784894,0.0194000005722045,0.0098999999463558,0.0043355622328817,0.0465999990701675,0.0214000009000301,0.019681415372529,0.0234849205602836,0.0255202005424022,0.0221061005602836,0.0511999651789665,0.115915797650814,0.0069211767986416,0.033500000834465,0.0027439999394118
1994-02-01,0.0032632555795248,-0.0137000000104308,-0.0410000011324882,-0.0236000008881092,-0.0070000002160668,0.0028085506055504,-0.036200001835823,-0.0178999993950128,-0.0215185854202127,-0.0102150799344348,-0.0016798000510364,-0.0027938999821186,-0.035143855959177,0.0259294472634792,-0.0259642470628023,-0.0270000007003545,0.0034199999645352
1994-03-01,0.0036049070805845,-0.0146000003442168,-0.0439999997615814,-0.0307000000029802,-0.0260000005364418,0.0121881598606705,-0.0411299988627433,-0.0461699999868869,-0.0413185834502792,-0.0531150797019767,-0.0524798010669231,-0.0736938968886375,-0.0280085168778896,-0.0550554133951664,-0.100865274667739,-0.0434999987483024,0.0034083200152963
1994-04-01,0.0041337909196867,-0.0065000001341104,-0.0119000002741813,-0.0096000004559755,-0.0074000000022351,0.006507480982691,0.0210999995470047,0.0044999998062849,0.0123451317407197,-0.0070920642920627,0.0153316000044703,-0.002166200007078,0.0417159423232078,0.0433944277465343,-0.0189971718937158,0.0130000002682209,0.0013586999848484
1994-05-01,0.0043683354368981,0.0006999999750405,-0.0068999999202787,-0.0037000000011175,0.0040000001899898,-0.0134399021044373,0.0165500007569789,0.0162700004875659,-0.0013548680368803,-0.0200920645602836,-0.0126683999284744,-0.0260661996870756,-0.0422101505100727,0.0239346679300069,0.0235207639634609,0.0163000002503395,0.0006784300203435
1994-06-01,0.0044723583134094,0.0001999999949475,-0.009800000116229,-0.0024999999441206,-0.002199999988079,0.0242014545947313,-0.0276599992066621,-0.0213300008326768,-0.0251548678867511,-0.047592064411272,-0.024468400372529,-0.0503661993860721,-0.0101748397573828,0.0328597649931907,-0.0357961617410182,-0.0247000008821487,0.0033898304682224
1994-07-01,0.0043584995389247,0.0131000000983476,0.0342000015079975,0.0252999998629093,0.0199999995529651,0.0025695282965898,0.0337999984622001,0.0318999998271465,0.0368451310999698,0.026507936372529,0.0164316009298324,0.0098337998643994,0.0527389273047447,-0.0213127639144659,0.0718439370393753,0.0331000015139579,0.0027026999741792
1994-08-01,0.0044958292048555,0.0028999999631196,-0.0076999999582767,0.0010999999940395,0.0031999999191612,-0.0057791848666965,0.0282700005918741,0.0534299984574317,0.0341451338239021,0.0693079363099441,0.0527316007331371,0.0828338015854835,0.0320331305265426,0.0175250805914402,0.128551200032234,0.0406999997794628,0.0040431302040815
1994-09-01,0.0048197366100903,-0.0082999998703598,-0.031599998474121,-0.0186000000685453,-0.0142000000923872,0.0197887178510427,-0.0351999998092651,-0.0142999999225139,-0.0294548680327825,-0.0092920642801418,-0.0144683996647238,0.0059337999701976,-0.0393394790589809,-0.0248845908790826,0.024818243458867,-0.024100000038743,0.0026845999527722
1994-10-01,0.0049840417090725,0.0001999999949475,-0.0037000000011175,-0.0023000000510364,-0.0006000000284984,0.0257986169308424,0.0217700004577636,0.0233100000768899,0.0015451319262392,0.0172079354069337,-0.0247683998629093,0.0045338000201165,0.0439014993607997,0.0254457294940948,-0.0328827276825904,0.0229000002145767,0.0006693439790979
1994-11-01,0.0055537732506252,-0.0043999999761581,0.0063000000081956,-0.0015999999595806,-0.0031000000890344,-0.0201005022972822,-0.0405200012028217,-0.0327600017189979,-0.0481548697940998,-0.0442920644291534,-0.0353684004827976,-0.0392662014781951,-0.0379945412278175,-0.0556535087525844,-0.0376803986728191,-0.0366999991238117,0.0013377926079556
1994-12-01,0.0057886706182279,0.0032999999821186,0.0153000000864267,0.0082999998703598,0.0080000003799796,0.0005424059927463,0.0122800003737211,0.0172600001096725,0.0068451317705221,0.0092079359582767,0.0213316000566244,0.0275338005304813,0.0060108099132776,0.0068868198432028,-0.106542520225048,0.0146000003442168,0.0
1995-01-01,0.0055076495395511,0.0163000002503395,0.025900000706315,0.0211999993771314,0.0214000009000301,0.0217830576002597,0.0271000005304813,0.0248000007122755,0.0182451328940696,-0.0032920642279877,-0.0019683999441206,-0.0252661991834163,-0.0074929101392626,-0.0629952102899551,-0.133670523762702,0.0260000005364418,0.0040080160833895
1995-02-01,0.005192404914333,0.0193000007420778,0.0285999998450279,0.0287999995052814,0.0254999995231628,0.0283364672213792,0.0388000011444091,0.0390000008046627,0.0438451303847141,0.0574079360357627,0.0348315994754791,0.0485337983847141,0.023014010861516,-0.0245971102267503,-0.01292743999511,0.0388000011444091,0.0039920159615576
1995-03-01,0.0052502588541967,0.0054999999701976,0.0087000001221895,0.0082000000402331,0.0046999999321997,0.0891161113977432,0.0275999996811151,0.0313999988138675,0.0033451321281499,0.0312079358390674,0.0192315998986721,0.0226337995410442,0.0467883497476577,0.0769633278250694,-0.0025998505298048,0.0296000000089406,0.0033134527038782
1995-04-01,0.0051179137496806,0.0115999998524785,0.0176999997347593,0.0168999992311,0.0142000000923872,0.0214035008102655,0.0329000018537044,0.0260000005364418,0.0228088495364418,0.0142309520983476,0.0426429990940094,0.0040615000011175,0.0323486700654029,0.042708870023489,0.0419666990637779,0.0291000008583068,0.0033025098964571
1995-05-01,0.0047037050562184,0.0282000005245208,0.0771000012755394,0.0471000000834465,0.0315000005066394,0.02184041403234,0.044489998370409,0.0357699990272522,0.028408847474121,0.0183309525841255,0.0225429997109174,0.0093614996125698,0.020831499248743,-0.0398262999951839,0.037430815398693,0.0395000018179416,0.0019749836064875
1995-06-01,0.0045804305541743,0.0063999998383224,0.0116999996826052,0.0089999996125698,0.0057000000961124,0.0049720448441803,0.0076000001281499,0.0383000001311302,0.0239088495304813,0.0559309520417232,0.0478430014364719,0.0621614993264675,0.0097871301695704,-0.0422014892101287,0.0059983120299875,0.0234999991953372,0.0019710906781256
1995-07-01,0.0045964679042231,0.0005000000237487,-0.0162000004202127,-0.0043999999761581,0.001700000022538,0.005296436138451,0.0344499982893466,0.0318900011479854,0.0394088474145164,0.0623309523457069,0.0476430017762184,0.10396150282526,0.0524866916239261,0.0722826570272445,0.0318202264606952,0.0333000011742115,0.0
1995-08-01,0.0045777091678465,0.0082000000402331,0.0223999992012977,0.0161000005900859,0.0104000000283122,-0.0571778640151023,0.0085399998351931,-0.0032500000670552,0.0185088493904104,0.0170309529298324,0.0286430005245208,0.0147614997526407,-0.038328718394041,-0.0375068895518779,-0.0268025677651166,0.0027000000700354,0.0026229508221149
1995-09-01,0.0045786784016306,0.0066999997943639,0.0186000000685453,0.0118000004440546,0.0087999999523162,0.029434697702527,0.034800000488758,0.0494000017642974,0.0210088488688697,0.0264309518629093,0.0210430003963708,0.0290614996751546,0.0305652003735303,0.009430949576199,-0.0075789224356412,0.0419000014662742,0.0019620666280388
1995-10-01,0.0045066885719384,0.0109999999403953,0.0278999991714954,0.0130000002682209,0.008899999782443,0.0031980480998754,-0.015599999576807,0.0080000003799796,-0.0139911512801418,-0.0392690464264373,-0.0493570010848045,-0.048338501090765,-0.0043713301420211,-0.0484618209302425,-0.0377330109477043,-0.0035000001080334,0.003263707505539
1995-11-01,0.0043587300752856,0.0121999997645616,0.0255999993532896,0.0190999992191791,0.0114000001922249,0.0087456218898296,0.0524000003933906,0.0359999984502792,0.0457088497510185,0.0388309531503696,0.0409430001192092,0.0380615011503696,0.0074583599343895,0.0493399985134601,-0.0049992189742624,0.0439999997615814,-0.0006506181089207
1995-12-01,0.0042091397266501,0.0098999999463558,0.0266999993473291,0.016499999910593,0.0125000001862645,0.0086905900388956,0.0276999995112419,0.0113000003620982,0.0055088491221895,-0.0155690475708465,0.0262430008761882,0.0118615000223517,0.0320386700332164,0.048972088843584,0.0347935296595096,0.0185000002384185,-0.0006510416860692
1996-01-01,0.0039915492267237,0.0083999997004866,-0.0003000000142492,0.0065000001341104,0.0074999998323619,-0.0221576392650604,0.0298999994993209,0.0381999984383583,0.0138088499238719,0.0126309520223517,0.0101430002861022,-0.002238500007078,0.0068630599416792,0.0018484899774193,0.0837860032916069,0.034400001168251,0.005863192025572
1996-02-01,0.0042437424203212,-0.0105999996885657,-0.0485000014305114,-0.0238000005483627,-0.0082999998703598,0.002866718918085,0.0093999998643994,0.0091000003740191,0.0131088492503395,0.0477309510701675,0.0272429991774559,0.0364615001430511,0.0185615699738264,-0.0111279804259538,-0.0222041793167591,0.0096000004559755,0.0032383420038968
1996-03-01,0.0043757292701631,-0.0046000001020729,-0.0197000000625848,-0.0085000004619359,-0.0035999999381601,0.0024591709952801,0.0233999993652105,-0.0041999998502433,0.0091088485946884,0.0145309515887279,0.0205429993830919,0.0219615005602836,0.0123052699491381,0.0308276396244764,0.0146043896675109,0.0096000004559755,0.0051646223291754
1996-04-01,0.0045603350219936,-0.0028999999631196,-0.0167999994009733,-0.0082999998703598,-0.0027999999001622,-0.0020547700114548,0.0101800002157688,0.0194499995559453,0.0062725657004866,0.0526539673801116,0.049454400411272,0.0670891982833862,0.0075725899077951,0.0510763116180896,0.0403319112956523,0.0147000001743435,0.0038535646162927
1996-05-01,0.0046726487614288,-0.0005000000237487,-0.0052000000141561,-0.00179999996908,-0.0028999999631196,0.0004622240085154,0.0150699997320771,0.0367599986493587,0.0132725659165534,0.0127539681043081,0.032054400166893,0.0401892011384487,0.0080629996955394,-0.0432483591139316,-0.0087900198996067,0.0258000008761882,0.0019193857442587
1996-06-01,0.0046203761209338,0.0102000003680586,0.0215000007301569,0.0147000001743435,0.0137999998405575,0.0056071230210363,-0.0048299999907612,0.0124599998816847,0.0024725661020729,-0.0335460314754791,-0.0210456009000301,-0.0585108006973743,0.0113507797941565,0.0003583100042305,0.011878689751029,0.0041000000201165,0.0006385695887729
1996-07-01,0.0047314056337899,0.0031000000890344,0.0005000000237487,0.0019000000320374,0.0037000000011175,0.027628693729639,-0.0421999990940094,-0.0461000017821788,-0.0606274333443489,-0.0737460339669532,-0.0533456000476837,-0.0830108019192695,-0.0121791996061801,-0.0457970313727855,-0.0657019168138504,-0.0445000007748603,0.0019144862890243
1996-08-01,0.0047740904214366,0.0010999999940395,-0.012699999846518,-0.0031000000890344,0.0,0.0067062270827591,0.0275999996811151,0.0148000000044703,0.0503725643608722,0.0591539693768672,0.0589544010371208,0.0652891976158142,0.0300276596099138,-0.0261665098369121,0.0310066305100917,0.0211999993771314,0.0019108280539512
1996-09-01,0.0046181587746048,0.0129000004380941,0.0278999991714954,0.0211999993771314,0.0166999995708465,-0.0018773500341922,0.0428300015628337,0.069410003721714,0.0257725651714954,0.0625539673264675,0.0277544000208616,0.062689198307228,0.0213772691786289,0.0327970683574676,0.0147422198206186,0.0562000013887882,0.0031786395702511
1996-10-01,0.0044029364272146,0.0164000000804662,0.0394000001251697,0.0273000001907348,0.0196000002324581,0.0168672297149896,0.033900000154972,0.0217000003904104,0.0144725657407197,-0.0094460323680586,0.0164544005900859,-0.030910799153614,0.0235496908426284,-0.0462638102471828,-0.0214738398790359,0.0274000000208616,0.0031685677822679
1996-11-01,0.0043645885812659,0.0120999999344348,0.0335999988019466,0.0214000009000301,0.0142999999225139,0.0114560797810554,0.0764999985694885,0.0746999979019165,0.0564725670371208,0.0549539690609626,0.0609544013649463,0.0394892004649162,0.0509966388344764,0.0273182708770036,0.0147903095930814,0.0759000033140182,0.0018951358506456
1996-12-01,0.0044718132799084,-0.0054000001400709,-0.0241999998688697,-0.0137999998405575,-0.0052000000141561,-0.0070789498277008,-0.0164000000804662,-0.0230999998748302,0.0099725659344348,-0.009946032450015,0.0152543998345971,0.0087892004619359,0.0196788292378187,-0.0518192090094089,0.004375210031867,-0.0196000002324581,0.0
1997-01-01,0.0045404119818381,0.0038000000640749,-0.0071999998763203,0.0013999999500811,0.0074000000022351,-0.0406376905739307,0.0461000017821788,0.0782999992370605,0.0224725651893768,0.0550539670284442,0.0323544015199184,0.0004891999949475,0.0030002701096236,-0.0839832127094268,0.0706417709589004,0.0621000006794929,0.0031525851227343
1997-02-01,0.0046093260369737,0.0015999999595806,0.0006000000284984,0.0041999998502433,0.0032999999821186,-0.0116219101473689,0.0073000001721084,0.0083999997004866,0.0071725660342726,-0.025146032706315,0.0064543998822808,-0.0468108000834465,0.0135008096694946,0.0209940392524004,0.0489802286028862,0.0081000002101063,0.0031426774803549
1997-03-01,0.0048798537807333,-0.0057000000961124,-0.0254999995231628,-0.015599999576807,-0.0093999998643994,-0.0063700899481773,-0.0342000015079975,-0.0474999994039535,-0.0353274334814395,-0.0515460307006187,-0.033145600834465,-0.0695107969124794,0.0325962789356708,-0.0364749915897846,-0.0250512603670358,-0.0416000001132488,0.002506265649572
1997-04-01,0.0047741313702078,0.0113000003620982,0.0242999996989965,0.0152000002562999,0.0159000009298324,-0.0203047804534435,0.0375000014901161,0.0807000026106834,0.0214362838940696,0.0314769833234872,0.0132658002682209,0.0128169000163912,-0.0046882899478077,0.020953070372343,-0.0169779304414987,0.0597000010311603,0.0012499999720603
1997-05-01,0.0046944919736631,0.0077999997884035,0.0111999996006488,0.0113000003620982,0.009800000116229,0.0367954708635807,0.0627000033855438,0.0592000000178813,0.062736282654293,0.113176986098083,0.0955657964356422,0.141416906008148,0.0429972484707832,0.0979975312948226,0.0340009815990924,0.0614000000059604,-0.0006242197123356
1997-06-01,0.0046061064348019,0.0086000002920627,0.0194000005722045,0.0142000000923872,0.0116999996826052,0.0123127195984125,0.0381999984383583,0.0505999997258186,0.0259362837003545,0.0296769845185604,0.0528658000536441,0.0359169008225441,0.0503079108893871,0.0620814897119998,0.0431790985167026,0.0445999987423419,0.0012492192909121
1997-07-01,0.004421320320459,0.0184000004082918,0.0588000006973743,0.0366000011563301,0.0187999997287988,-0.0261043794453144,0.0799999982118606,0.0791999995708465,0.0728362822609024,0.124876982986721,0.0660957997448921,0.0601369017750263,0.0471115000545978,-0.0237674321979284,0.0096549103036522,0.0794000029563903,0.0012476606061682
1997-08-01,0.0045254491987711,-0.0038000000640749,-0.0275999996811151,-0.0148000000044703,-0.0024000001139938,0.0045128199271857,-0.0452000014483928,-0.066500000655651,0.0055362829642372,-0.0090230158643994,0.0196457994885921,0.0311269002050399,-0.0568929426372051,-0.0990483909845352,-0.127674683928489,-0.0555999986827373,0.0018691589357331
1997-09-01,0.0044392422139749,0.0109000001102685,0.0272000003606081,0.0175000000745058,0.012699999846518,0.0243433602154254,0.0586000010371208,0.0509999990463256,0.0549362847285347,0.0594769823251094,0.0691657965786933,0.0637669028729438,0.0972404181957244,-0.0036908418405801,0.0325337797403335,0.0547700002789497,0.0024875621311366
1997-10-01,0.004368638741419,0.0116999996826052,0.0335999988019466,0.012699999846518,0.0110999997705221,0.0224185101687908,-0.0367499999701976,-0.0300900004804134,-0.0309137175155801,-0.0575830158891353,-0.0301841994963407,-0.0549330985158443,-0.0489219911396503,-0.121271505951881,-0.164060652256011,-0.0333999991416931,0.0024813895579427
1997-11-01,0.0044727644262783,0.002199999988079,0.0133999995887279,0.0055999998003244,0.0032999999821186,-0.0256379600614309,0.0381200015544891,0.0542600005865097,0.0239062836097555,0.0041969839835342,0.0052458002016127,-0.0187130993216991,0.0156236896291375,-0.0548841208219528,-0.0474693514406681,0.0463000014424324,-0.0006188118713907
1997-12-01,0.0044626471261115,0.0081000002101063,0.0166999995708465,0.0105999996885657,0.0091000003740191,-0.0100950095802545,0.0221999995410442,0.0123399998992681,0.0589262829797344,0.0161969843206729,0.0291458001144409,0.0120368996650218,0.0368008017539978,-0.043773028999567,0.0141914198175072,0.0172000005841255,-0.0012383899884298
1998-01-01,0.0042523584536917,0.0130000002682209,0.0200999993830919,0.0119000002741813,0.0098999999463558,0.006764160003513,-0.0123300002887845,0.0335999988019466,-0.0239937169773502,-0.0147130158843669,-0.0204742005310773,-0.0179431004434585,0.0418729782104492,0.0543887093663215,-0.0655710995197296,0.0110999997705221,0.0018598899478092
1998-02-01,0.0043909769387315,-0.0010999999940395,-0.0070000002160668,-0.0003000000142492,0.0020999999251216,0.0140538299456238,0.0750100016593933,0.0694800019264221,0.0729062804656105,0.092226981639656,0.0839357977517128,0.098906903156662,0.0784353911876678,0.036047089844942,0.102106906473636,0.0721200034022331,0.0018564399797469
1998-03-01,0.0043901400205834,0.0031000000890344,0.0020999999251216,0.0037000000011175,0.0041999998502433,-0.016452569514513,0.0506500005722045,0.0517299994826316,0.0456862846093254,0.0438569853899803,0.0499057998664855,0.0267269002288818,0.071464367210865,-0.0549530610442161,0.0391822308301924,0.0512100011110305,0.0018530000234022
1998-04-01,0.0043807751259028,0.0048000002279877,0.0038000000640749,0.0063000000081956,0.0057000000961124,0.0220015700906515,0.0118399998173117,0.0083799995481967,0.0064400001429021,0.0295800007879734,0.0067171999730288,0.0053345999380111,0.0196380596607923,-0.0196455791592597,0.0027366399299353,0.0100600002333521,0.0018495699623599
1998-05-01,0.0044064477448595,0.0068999999202787,0.0190999992191791,0.0119000002741813,0.0065999999642372,-0.0016327400226145,-0.0140699995681643,-0.0200599990785121,-0.0404299981892108,-0.0492900013923645,-0.0435028010502338,-0.0623454013208389,0.0205002501606941,-0.0677491202950477,-0.12475361675024,-0.0171900000423192,0.0018461500294506
1998-06-01,0.0043615811020156,0.0066999997943639,0.023199999704957,0.0074000000022351,0.0048000002279877,-0.0035938499495387,0.007590000052005,0.0712599977850914,-0.0074100000783801,0.0193399991840124,-0.0003228000237487,0.0066845999730288,0.0111868996173143,-0.0017918200464919,-0.102484151721,0.0406199991703033,0.0012285000411793
1998-07-01,0.0043437215059403,0.0038000000640749,-0.0043999999761581,-0.00089999998454,0.0051000001840293,0.001195520046167,-0.0217199996113777,-0.0005699999746866,-0.0435100011527538,-0.0347100012004375,-0.0922728003457069,-0.0609154002110004,0.0199870597571134,-0.0172553807497024,0.0398764684796333,-0.0106499996036291,0.0012269900180399
1998-08-01,0.0040370738210675,0.0188999995589256,0.0443000011146068,0.0046999999321997,0.0091000003740191,0.0274033602327108,-0.160799995064735,-0.1300999969244,-0.163780003786087,-0.208079993724823,-0.180202801664161,-0.205025405559921,-0.125552535057067,-0.118053041398525,-0.281127035617828,-0.144580006599426,0.0012254900066182
1998-09-01,0.0036053645155984,0.0232999995350837,0.0359000004827976,0.0324000008404254,0.0120999999344348,0.0655976682901382,0.060759998857975,0.0669099986553192,0.0777600035071373,0.109669998288154,0.0532272002205371,0.0696946001311302,-0.0397084988653659,-0.003083850024268,0.0482829809188842,0.0640600025653839,0.0012239899951964
1998-10-01,0.0034139119532048,0.001700000022538,-0.0157999992370605,-0.0153999999165534,-0.001300000003539,0.0451251491904258,0.0783300027251243,0.0838499963283538,0.0788599997758865,0.102179996669292,0.0438771984085559,0.049354600783205,0.0803378298878669,0.173388317227363,0.114679798483848,0.0813400000333786,0.0024449899792671
1998-11-01,0.0037000954389863,-0.0031000000890344,0.0087000001221895,0.0187999997287988,0.0049999998882412,-0.0203726906329393,0.0520900003612041,0.0677400007843971,0.0233200006186962,0.0775299966335296,0.0428472003445148,0.0698345965405464,0.0534660294651985,0.0461050681769847,0.0752165466547012,0.0606100000441074,0.0
1998-12-01,0.0036610729758745,0.0038999998942017,-0.00179999996908,0.0028999999631196,0.0043000001460313,0.0281639397144317,0.0351199992001056,0.0760599970817565,0.0445800013840198,0.195600003004074,0.0394771984323978,0.0872645965476989,0.0439739115536212,0.0280409008264541,-0.0149198500439524,0.0576200000941753,-0.0006097599980421
1999-01-01,0.0036781334183644,0.0044999998062849,0.0091000003740191,0.0098999999463558,0.0071000000461936,-0.0156904198229312,0.0201999992132186,0.0610699988901615,-0.0522699989378452,-0.024550000205636,-0.011312800411868,-0.0134254004175305,-0.0062059201300144,0.0073811700567603,-0.0231151208281517,0.0418200008571147,0.0024405100848525
1999-02-01,0.0040009556184086,-0.0137000000104308,-0.048200000077486,-0.0237000007182359,-0.0040000001899898,-0.0350676998496055,-0.0215300004929304,-0.0392300002276897,-0.0477299988269805,-0.0573100000619888,-0.0812227995589256,-0.0981453963855743,-0.0251388698816299,-0.0193642191588878,0.017810620367527,-0.0310800001025199,0.0012172899441793
1999-03-01,0.0038431935294893,0.0065999999642372,-0.0027999999001622,0.0071000000461936,0.0066999997943639,0.0019205299904569,0.0303099993616342,0.0484399981796741,0.0188200008124113,0.0372699983417987,-0.0037628001987814,0.0289246002843141,0.0111659802496433,0.126219511032104,0.11540076136589,0.0400100015103817,0.0030395099893212
1999-04-01,0.0038862969878725,0.0027000000700354,0.0012000000569969,0.0028999999631196,0.0046000001020729,-0.0015060600126162,0.0862099975347518,-0.0019399999873712,0.0967800021171569,0.0617600008845329,0.0871586031518936,0.0458822991083145,0.0300429090857505,0.0670132637023925,0.136531233787536,0.0387299992144107,0.007272730115801
1999-05-01,0.004042970525621,-0.0060999998822808,-0.0153999999165534,-0.0133999995887279,-0.0055999998003244,-0.0201599393039941,-0.0176699999719858,-0.0291499998420476,0.0162899997085332,-0.0072599998675286,0.0400285995803833,0.0088423001895427,-0.0477891489863395,-0.0594392195343971,-0.0179085694253444,-0.0236099995672702,0.0
1999-06-01,0.0042336106741738,0.0015000000130385,-0.0109000001102685,-0.0052000000141561,-0.0035000001080334,-0.0237786900252103,0.0384100005030632,0.0715700015425682,0.0310999993234872,0.0761099979281425,0.0607585995696544,0.0532722990344047,0.017128650099039,0.0921636596322059,0.109040036797523,0.0555000007152557,0.0
1999-07-01,0.0041622660630833,9.99999974737875e-05,-0.0054000001400709,-0.0054999999701976,-0.006800000090152,0.0351160988211631,-0.0307500008493661,-0.0316400006413459,-0.0132698398083448,-0.0290928594768047,-0.0155013999663233,-0.0023277001139938,0.0095440801233053,0.0762824192643165,-0.0145275499671697,-0.0312200002372264,0.0030084201134741
1999-08-01,0.0042832176786111,0.0013999999500811,-0.0035000001080334,-0.0024000001139938,0.0,0.0064171198755502,-0.0253299996256828,0.0138699999079108,-0.0378899984061718,-0.0304199997335672,-0.0418313988245964,-0.0458677005638599,0.0104105398058891,-0.0100230202078819,0.0107941403985023,-0.0049499999731779,0.0023995200172066
1999-09-01,0.0042148397775536,0.0086000002920627,0.0070000002160668,0.0109000001102685,0.0162000004202127,0.018636729568243,-0.0391299985349178,-0.0170200001448392,-0.0492400005459785,-0.0115599995478987,-0.0183013998664855,0.0237522996346235,-0.0074562299996614,0.0462718904018402,-0.0278260894119739,-0.0274100005626678,0.004787549842149
1999-10-01,0.0043965825246337,0.0020000000949949,0.0006000000284984,0.0046000001020729,0.0057999999262392,-0.0011285300133749,0.0564499981701374,0.0691500008106231,0.0200500003993511,0.0824699997901916,-0.0230214004166364,0.0151323001215934,0.0370483286678791,0.0388411693274974,0.0170103292912244,0.0632800012826919,0.0017867799615487
1999-11-01,0.0046062141600577,0.0006999999750405,-0.0065000001341104,0.0010999999940395,0.0005000000237487,-0.013701319694519,-0.0058599999174475,0.0427800007164478,0.0200999993830919,0.0854599997401237,0.0225386000476837,0.0577822993824958,0.0272031892091035,0.0497627109289169,0.089893527328968,0.0203300006687641,0.0005945300217717
1999-12-01,0.0048594914434396,-0.0031000000890344,-0.0148999998345971,-0.0052999998442828,-0.0024000001139938,-0.0009604999795556,0.0375699996948242,0.0740299969911575,0.0309599991887807,0.088359996676445,0.0274485997162818,0.124282300038146,0.102717652916908,0.0654717534780502,0.134039297699928,0.0588999986648559,0.0
2000-01-01,0.0050952923446359,-0.003400000045076,0.013600000180304,-0.0035000001080334,-0.0087000001221895,-0.030129499733448,-0.031819999217987,-0.0666199997067451,-0.0432000011205673,-0.0146800000220537,-0.0511014000274181,-0.0137377003823637,-0.0710273310542106,-0.0481361113488674,0.0014231499517336,-0.0502399988472461,0.0023767100647091
2000-02-01,0.0050108725978832,0.0082999998703598,0.0293000005185604,0.0093000000342726,0.0115999998524785,-0.0155718503519892,-0.0624799989163875,0.0209899991750717,-0.0366999991238117,0.166620001196861,0.0453186012111663,0.208622306151199,0.0523678287863731,-0.0218138098716735,-0.0009723500115796,-0.0189299993216991,0.0059276800602674
2000-03-01,0.0050639944924941,0.0114000001922249,0.0324999988079071,0.0085000004619359,0.0109000001102685,0.035211969166994,0.104269996285438,0.0924799963831901,0.153019994497299,0.0349400006234645,0.0370085998676776,-0.0911377002169609,0.0243681091815233,0.069505788385868,0.0145994499325752,0.0978299975395202,0.008249850012362
2000-04-01,0.0049959649417097,-0.0003999999898951,-0.0083999997004866,-0.0087999999523162,0.0006999999750405,-0.0436540395021438,-0.0066999997943639,-0.0494999997317791,-0.0091099999845027,-0.0566899999976158,0.0069599999114871,-0.0381200015544891,-0.0439362600445747,-0.0694027319550514,-0.103431306779384,-0.0300900004804134,0.0005844500265084
2000-05-01,0.0052033852857995,0.0027000000700354,-0.0041999998502433,-0.0037000000011175,0.0005000000237487,0.0101713901385664,0.0031200000084936,-0.0407700017094612,0.0288500003516674,-0.0520199984312057,-0.0163100007921457,-0.0428000018000602,-0.0079514496028423,-0.0580086596310138,-0.0278737992048263,-0.0205199997872114,0.0005841099773533
2000-06-01,0.0049182680045967,0.0159000009298324,0.0226000007241964,0.0251000002026557,0.0214000009000301,0.0269074998795986,-0.0395000018179416,0.0807000026106834,-0.0451700016856193,0.0805400013923645,0.0286599993705749,0.0909200012683868,0.0217095706611871,0.0773421972990036,0.0283343698829412,0.0246500000357627,0.005837710108608
2000-07-01,0.0049129431968677,0.0065999999642372,0.0170000009238719,0.0120999999344348,0.0063999998383224,-0.026925990357995,0.0200100000947713,-0.0445200018584728,0.0396099984645843,-0.006349999923259,0.0196700002998113,-0.0684299990534782,-0.015754509717226,-0.0950521528720855,-0.0480816699564456,-0.0156299993395805,0.0017411500448361
2000-08-01,0.0050634979084083,0.0111999996006488,0.023199999704957,0.0125000001862645,0.0152000002562999,-0.0158106498420238,0.067050002515316,0.0579200014472007,0.0715100020170211,0.149049997329711,0.0583899989724159,0.120520003139972,-0.0115455901250243,0.0545954816043376,0.0037767400499433,0.062109999358654,0.0011587500339373
2000-09-01,0.0049710974694361,0.0087000001221895,-0.0108000002801418,0.0054999999701976,0.0104000000283122,-0.0030517398845404,-0.0001999999949475,-0.0975999981164932,0.0148299997672438,-0.0247499998658895,-0.001979999942705,-0.0532400012016296,-0.0465981401503086,-0.0525750182569026,-0.089439071714878,-0.0527900010347366,0.0052083302289247
2000-10-01,0.0050348303592699,0.0068999999202787,0.0159000009298324,0.0001999999949475,0.0071999998763203,-0.0210979897528886,0.0186999998986721,-0.0260000005364418,-0.0095399999991059,-0.0543299987912178,0.004860000219196,0.0077900001779198,-0.0073577901348471,-0.0572567507624626,-0.0809702575206756,-0.0042300000786781,0.0017271200194954
2000-11-01,0.0047913479655659,0.0147000001743435,0.0313999988138675,0.0119000002741813,0.0149999996647238,0.0196350067853927,-0.0511999987065792,-0.106299996376037,0.0013399999588727,-0.141749992966651,-0.0660799965262413,-0.150020003318786,-0.0384873487055301,-0.0346008986234664,-0.088344320654869,-0.0788400024175643,0.0005747100221924
2000-12-01,0.0043747327295005,0.0175999999046325,0.0252999998629093,0.0186000000685453,0.0161000005900859,0.0419868789613246,0.0515000000596046,-0.0432999990880489,0.102229997515678,0.0507399998605251,0.141159996390342,0.0919200032949447,0.069191537797451,-0.0392310507595539,0.0289511308073997,0.0048899999819695,-0.000574379984755
2001-01-01,0.0037549992711685,0.0132999997586011,0.002600000007078,0.0285999998450279,0.015599999576807,-0.0044725597836077,0.0422200001776218,0.0284899994730949,0.0445699989795684,9.99999974737875e-06,0.0791599974036216,0.0007699999841861,0.0005156699917279,-0.0029639101121574,0.128425598144531,0.0354800000786781,0.0063218399882316
2001-02-01,0.0036419062524655,0.0092000002041459,0.0164000000804662,0.0085000004619359,0.0057000000961124,-0.0047953398898243,-0.0662799999117851,-0.117499999701976,-0.0330899991095066,-0.0820999965071678,-0.0421800017356872,-0.0848800018429756,-0.0877330377697944,-0.0425329804420471,-0.0770402997732162,-0.0911799967288971,0.0039977198466658
2001-03-01,0.0033479549059336,0.0071999998763203,-0.0051000001840293,0.0060999998822808,0.0057999999262392,-0.0401713289320468,-0.0394699983298778,-0.090109996497631,-0.0440299995243549,-0.108280003070831,-0.0415199995040893,-0.0516499988734722,-0.0742733627557754,-0.0470118597149848,-0.0861408710479736,-0.0633499994874,0.0022753099910914
2001-04-01,0.0032104979752352,-0.0031999999191612,-0.0265999995172023,-0.0032999999821186,0.0013999999500811,-0.0003626300022006,0.067840002477169,0.0893599987030029,0.0904700011014938,0.135230004787445,0.0602300018072128,0.097020000219345,0.0719601362943649,0.0658753216266632,0.0592011697590351,0.0777100026607513,0.0039727599360048
2001-05-01,0.0029200720296709,0.0041000000201165,0.001300000003539,0.008899999782443,0.0065999999642372,-0.0052753700874745,0.0104599995538592,0.002369999885559,0.0197899993509054,0.0275299996137619,0.0254900008440017,0.0113800000399351,-0.0476372689008712,-0.0037073099520057,0.0302689392119646,0.0066999997943639,0.0045223301276564
2001-06-01,0.0029631952055892,0.0031999999191612,0.0081000002101063,0.0049999998882412,0.0020999999251216,-0.0141543196514248,-0.0323899984359741,-0.0135599998757243,0.0015800000401213,-0.009349999949336,0.0382299982011318,0.0321099981665611,-0.0373407304286956,-0.0476804003119468,-0.0181068796664476,-0.0243400000035762,0.0016882399795576
2001-07-01,0.0029677431537817,0.0186999998986721,0.0372000001370906,0.0271000005304813,0.017799999564886,0.0253859590739011,-0.0173000004142522,-0.002600000007078,9.99999974737875e-05,-0.0297400001436471,-0.0093900002539157,-0.02415999956429,0.0026010600849986,-0.0649077668786048,-0.0683457106351852,-0.0098400004208087,-0.0028089899569749
2001-08-01,0.0028466714683275,0.008899999782443,0.0211999993771314,0.0130000002682209,0.0087999999523162,0.0461766198277473,-0.0577999986708164,-0.0671499967575073,-0.0202699992805719,-0.0455799996852874,-0.0160600002855062,-0.0297500006854534,-0.025783360004425,-0.0234986897557973,-0.0135936504229903,-0.0626000016927719,0.0
2001-09-01,0.0023201625168027,0.0214000009000301,0.0076999999582767,-0.003400000045076,0.0149999996647238,0.0044647101312875,-0.094990000128746,-0.067110002040863,-0.112209998071193,-0.137840002775192,-0.143130004405975,-0.126900002360343,-0.0997791513800621,-0.104337863624095,-0.155026346445083,-0.0807500034570694,0.0045070401392877
2001-10-01,0.0019212347657495,0.015599999576807,0.0507999993860721,0.0245999991893768,0.0137999998405575,0.00164486002177,0.0,0.0367799997329711,0.0156999994069337,0.0766099989414215,0.0457100011408329,0.0608300007879734,0.0317146517336368,0.010579589754343,0.0620033293962478,0.0190699994564056,-0.0033651199191808
2001-11-01,0.0017987640161409,-0.0119000002741813,-0.0480999983847141,-0.0085000004619359,-0.0092000002041459,-0.0106126498430967,0.063459999859333,0.0885699987411499,0.0607799999415874,0.0889599993824958,0.0799800008535385,0.0659599974751472,0.0401597283780574,0.0288624204695224,0.117158271372318,0.0767100006341934,-0.0016882399795576
2001-12-01,0.0018314389480549,-0.0048000002279877,-0.0188999995589256,-0.0071999998763203,-0.0038000000640749,-0.0309853907674551,0.0152099998667836,0.0014499999815598,0.062959998846054,0.0394899994134902,0.0721699967980384,0.0628900006413459,0.0256215892732143,-0.04414739087224,0.0831808075308799,0.0087599996477365,-0.0039458898827433
2002-01-01,0.0017824221530025,0.0043000001460313,0.0124000003561377,0.0085000004619359,0.0093000000342726,-0.0267106108367443,-0.0274400003254413,-0.0015500000445172,-0.0001999999949475,-0.0103299999609589,0.0186800006777048,-0.0013699999544769,-0.0521539188921451,-0.0555405206978321,0.0357001610100269,-0.0145899998024106,0.002263719914481
2002-02-01,0.0018396058496761,0.0082999998703598,0.0118000004440546,0.0065999999642372,0.0114000001922249,0.0037848099600523,-0.0089499996975064,-0.0295199993997812,0.023709999397397,-0.0219899993389844,-0.0042699999175965,-0.0309299994260072,-0.000165379999089,0.0269256494939327,0.019300190731883,-0.0192799996584653,0.0039525697939097
2002-03-01,0.0021168461565397,-0.0151000004261732,-0.0399999991059303,-0.0186000000685453,-0.0105999996885657,0.0044691301882267,0.051240000873804,0.0238300003111362,0.0740199983119964,0.068850003182888,0.0869299992918968,0.0703999996185302,0.0545132905244827,0.054896168410778,0.0696771591901779,0.0376100018620491,0.0056242998689413
2002-04-01,0.0020435412146688,0.0186999998986721,0.0381999984383583,0.0126000000163912,0.0188999995589256,0.0394512899219989,-0.0500999987125396,-0.0715499967336654,0.0149999996647238,-0.025849999859929,0.0408999994397163,0.014390000142157,-0.0068040001206099,0.044816430658102,0.0092645697295665,-0.0606300011277198,0.0055928397923707
2002-05-01,0.0019375517433899,0.0070000002160668,0.0032999999821186,0.0141000002622604,0.0073000001721084,0.035463199019432,0.0039900001138448,-0.0193799994885921,-0.0173599999397993,-0.0163199994713068,-0.0379000008106231,-0.0456000007688999,-0.0018460099818184,0.0525954999029636,-0.0163717195391654,-0.0073699997738003,0.0
2002-06-01,0.0018151029474584,0.0125000001862645,0.018300000578165,9.99999974737875e-05,0.0082000000402331,0.058899700641632,-0.0630600005388259,-0.0802199989557266,-0.0562199987471103,-0.092189997434616,-0.0447300001978874,-0.0594599992036819,-0.0343041718006134,-0.0520003214478492,-0.072157010436058,-0.0712400004267692,0.0005561700090765
2002-07-01,0.001618841724158,0.0187999997287988,0.0308999996632337,-0.0035999999381601,0.0114000001922249,0.0057464898563921,-0.108099997043609,-0.0480099990963935,-0.103699997067451,-0.0898300036787986,-0.162579998373985,-0.119640000164508,-0.111164636909961,-0.067359909415245,-0.0633208900690078,-0.0779500007629394,0.0011117300018668
2002-08-01,0.001454966897936,0.0114000001922249,0.0443000011146068,0.0264999996870756,0.0078999996185302,0.016309579834342,0.0068700001575052,0.0062699997797608,0.0087599996477365,0.001120000029914,-0.0013399999588727,0.0199800003319978,6.33200033917091e-05,-0.0069664400070905,0.0129520297050476,0.0065700002014636,0.0033314800821244
2002-09-01,0.001266145,0.0172000005841255,0.0410999990999698,0.0190999992191791,0.0071000000461936,0.00607975,-0.11426,-0.10354,-0.09835,-0.06233,-0.073559999,-0.04944,-0.13152966,-0.04895474,-0.11110706,-0.108679508,0.00166021
2002-10-01,0.001216667,-0.0006999999750405,-0.0287999995052814,-0.0133999995887279,0.0038000000640749,-0.001849021,0.083141136,0.092482059,0.039973608,0.04652255,0.020059885,0.043358843,0.096706395,-0.039767791,0.064216048,0.088016446,0.001657459
2002-11-01,0.0013,-0.0078999996185302,-0.010700000450015,0.015599999576807,-0.0006999999750405,0.004622451,0.070249975,0.048543146,0.064165578,0.051985193,0.054007719,0.050232135,0.049124695,0.036534375,0.069390427,0.058859137,0.0
2002-12-01,0.0011,0.0185000002384185,0.0414999984204769,0.0305000003427267,0.0104000000283122,0.057708611,-0.05195408,-0.065005133,-0.037065992,-0.045173097,-0.026457251,-0.04058904,-0.03616456,-0.026967332,-0.037845234,-0.058748018,-0.002206288
2003-01-01,0.001091667,-0.002199999988079,-0.003400000045076,0.0041999998502433,0.0024000001139938,0.018651582,-0.027363609,-0.025044282,-0.034614097,-0.023596964,-0.041316555,-0.027414423,-0.047206944,-0.027782686,0.000898204,-0.026196185,0.004422333
2003-02-01,0.001033333,0.0113000003620982,0.0307999998331069,0.0205000005662441,0.0066999997943639,0.013093295,-0.027242291,-0.002976832,-0.021116831,-0.026650025,-0.037001773,-0.027082138,-0.032608609,0.001034574,-0.029614119,-0.015004014,0.007705008
2003-03-01,0.000991667,0.0001999999949475,-0.0120999999344348,0.0003999999898951,9.99999974737875e-05,0.005147007,-0.00122975,0.020253111,-0.00324019,0.020484006,-0.003072115,0.019107441,-0.014371233,-0.02944093,-0.03672164,0.00970893,0.006007646
2003-04-01,0.001016667,0.0027999999001622,0.0102000003680586,0.0199999995529651,0.0041999998502433,0.014058635,0.098803904,0.066946998,0.081191335,0.063781129,0.090450637,0.071493224,0.136485587,0.009238341,0.102084083,0.082370548,-0.002171553
2003-05-01,0.000941667,0.0156999994069337,0.0570000000298023,0.0324000008404254,0.0007999999797903,0.047325609,0.073613619,0.032553665,0.097711332,0.067610816,0.093216451,0.06755623,0.066049168,0.049347687,0.069580052,0.052687154,-0.001632209
2003-06-01,0.000908333,-0.0015999999595806,-0.0157999992370605,-0.0023000000510364,0.0015999999595806,-0.018812081,0.007309857,0.018207971,0.00414834,0.021533713,0.029686717,0.02187066,0.010278521,0.063617588,0.061897652,0.01275684,0.001089918
2003-07-01,0.001066667,-0.0242999996989965,-0.0917000025510788,-0.0434000007808208,-0.0186999998986721,-0.025887372,0.022202633,0.013090415,0.030055841,0.040869694,0.048874974,0.05512624,0.020518767,0.034173075,0.053751758,0.01763135,0.001088732
2003-08-01,0.001125,0.00179999996908,0.0175000000745058,0.0082999998703598,0.0071000000461936,-0.008463896,0.021638548,0.01737283,0.050988497,0.039808946,0.048072823,0.049255624,-0.00174503,0.089558139,0.072147753,0.019502499,0.003806417
2003-09-01,0.000958333,0.0217000003904104,0.0529000014066696,0.0357999987900257,0.0170000009238719,0.063833492,-0.01810421,-0.003082589,-0.009838555,-0.020709777,-0.032762733,-0.026007765,0.020360743,0.055485641,0.010918451,-0.010619557,0.003250271
2003-10-01,0.001091667,-0.009800000116229,-0.0280000008642673,-0.0104999998584389,-0.0035000001080334,-0.002332928,0.068354892,0.04491113,0.081935049,0.069248878,0.089103134,0.084283495,0.066968985,0.052203616,0.08119981,0.056570036,0.003250271
